common_name,species_code,taxon_concept_id,scientific_name,order,family,family_common,category,taxonomic_order,report_as,extinct
Belding’s Savannah Sparrow,NA,NA,NA,NA,NA,NA,NA,NA,NA,NA
Black-crowned Night-Heron,NA,NA,NA,NA,NA,NA,NA,NA,NA,NA
Eurasian Collared Dove,NA,NA,NA,NA,NA,NA,NA,NA,NA,NA
House Wren,NA,NA,NA,NA,NA,NA,NA,NA,NA,NA
Mew Gull,NA,NA,NA,NA,NA,NA,NA,NA,NA,NA
Nashville warbler,NA,NA,NA,NA,NA,NA,NA,NA,NA,NA
Pacific-slope Flycatcher,NA,NA,NA,NA,NA,NA,NA,NA,NA,NA
Selasphorous Hummingbird,NA,NA,NA,NA,NA,NA,NA,NA,NA,NA
Selasphorous sp.,NA,NA,NA,NA,NA,NA,NA,NA,NA,NA
Unidentified,NA,NA,NA,NA,NA,NA,NA,NA,NA,NA
Warbling Vireo,NA,NA,NA,NA,NA,NA,NA,NA,NA,NA
Western Scrub-Jay,NA,NA,NA,NA,NA,NA,NA,NA,NA,NA
Western Snowy Plover,NA,NA,NA,NA,NA,NA,NA,NA,NA,NA
Western x Glaucous-winged Gull,NA,NA,NA,NA,NA,NA,NA,NA,NA,NA
Whimbrel,NA,NA,NA,NA,NA,NA,NA,NA,NA,NA
Wilson's warbler,NA,NA,NA,NA,NA,NA,NA,NA,NA,NA
Yellow Warbler,NA,NA,NA,NA,NA,NA,NA,NA,NA,NA
hermit thrush,NA,NA,NA,NA,NA,NA,NA,NA,NA,NA
merrimons chipmunk,NA,NA,NA,NA,NA,NA,NA,NA,NA,NA
northern shoveler,NA,NA,NA,NA,NA,NA,NA,NA,NA,NA
spotted sandpiper,NA,NA,NA,NA,NA,NA,NA,NA,NA,NA
surf scotter,NA,NA,NA,NA,NA,NA,NA,NA,NA,NA
tanager sp.,NA,NA,NA,NA,NA,NA,NA,NA,NA,NA
western/least sandpiper,NA,NA,NA,NA,NA,NA,NA,NA,NA,NA
NA,NA,NA,NA,NA,NA,NA,NA,NA,NA,NA
