global_id,date,common_name,count,observation_notes,cleaning_notes
{7400185A-0291-444A-B5B5-14DB4F7A8C86},2017-12-18T00:00:00Z,falcon sp.,1,peregrine falcon?,used more generic code
{057A6E62-ACB5-43AD-AF2E-67DD67996DEF},2017-12-18T00:00:00Z,California Thrasher,1,thrasher,assumed California Thrasher
{3133EBAF-A366-4DF7-98F4-21B5A0BEB998},2017-12-18T00:00:00Z,Gadwall,2,gadwall,
{725F149A-0BF2-4259-8866-CB79E18B6A8D},2017-12-18T00:00:00Z,Wandering Tattler,1,wandering tattler,
{9E17A6A6-DC9D-476D-B2A8-90B54398EDBF},2017-12-18T00:00:00Z,Wandering Tattler,1,tattler,
{FEB80AB7-7C54-4D6F-B3A8-7F79618F6707},2017-12-18T00:00:00Z,California Thrasher,1,thrasher,assumed California Thrasher
{3E7159EE-A6C7-453D-9D0A-1C946EAE5693},2017-12-18T00:00:00Z,Gadwall,1,gadwall,
{DF75D5B1-4DC7-4267-BCAA-D0B591664219},2017-12-18T00:00:00Z,California Thrasher,1,California thrasher,
{2577379B-0033-4749-B47C-8BF69AC96EDC},2017-12-18T00:00:00Z,Peregrine Falcon,1,peregrine falcon,
{3D056B4F-EEEC-4EDD-8F30-9DE9FBB697F6},2017-12-18T00:00:00Z,Gadwall,NA,gadwall,
{C22A0D70-D36F-43CD-975F-37B55482EC27},2017-12-18T00:00:00Z,Wood Duck,3,wood duck,
{1435ECA4-67EB-42DD-A9F9-F58B1E36AF1F},2017-12-18T00:00:00Z,Cedar Waxwing,20,cedar waxwing,
{7F8055D0-7277-4882-8752-6FA27A681FEB},2017-12-18T00:00:00Z,Brant,1,brandt,"Assumed Brant, not Brandt's Cormorant"
{F9CC4B48-DFC3-4A97-9EF7-23359FC37C0A},2017-12-18T00:00:00Z,Lark Bunting,1,lark bunting,
{D1CFBCAD-9CD2-4484-8567-C7C7F83A88D8},2018-01-11T16:44:48Z,Clark's Grebe,1,Clark's grebe,
{68D2822E-C32B-4364-B46E-4B9CAB6C95B0},2018-01-11T17:51:58Z,Tropical Kingbird,1,tropical kingbird,
{8BCF8E7F-961E-4713-9863-D0274D070335},2018-01-11T15:56:42Z,Greater Scaup,1,greater scaup,
{6CC8F0D0-013C-4348-8173-C5BBD738988C},2018-01-11T16:34:15Z,Horned Grebe,1,horned grebe,
{A0E5D4E1-E709-4E33-A30B-641E0ACA9B5B},2018-01-11T17:35:14Z,Hutton's Vireo,1,huttons vireo,
{AD5FD8F5-6DF4-45A6-BA3A-A8DC78101511},2018-02-22T15:27:37Z,Brewer's Blackbird,2,brewers blackbird,
{E398E674-CC66-41F0-A0FE-1F40EC468C55},2018-02-22T16:19:45Z,White-breasted Nuthatch,1,white breasted nuthatch,
{8E7B73FA-CCB1-487A-B547-6583C0F1E5AF},2018-02-22T16:22:40Z,Purple Finch,1,purple finch,
{19FB0519-5248-433D-A8ED-3501C1DE5CB0},2018-02-22T16:36:26Z,Osprey,1,osprey,
{97685938-5EF0-4DDB-927F-B12F9242BBE8},2018-02-22T17:02:52Z,Royal Tern,1,flying royal tern,
{9C97152A-3629-4823-BBA6-B2A4FED30278},2018-02-22T16:25:00Z,Red-winged Blackbird,1,red wing blackbird,
{B66F073A-2EF7-4D35-AC30-2ABC4552E472},2018-02-22T16:37:43Z,Osprey,1,osprey,
{844F7430-0628-4B6D-878D-55F9893871AC},2018-02-22T16:45:15Z,Northern Rough-winged Swallow,NA,northern rough wing swallow,
{69728A80-7C52-40D6-95F8-0B286B4E3DFC},2018-02-22T17:09:41Z,Northern Flicker,NA,northern flicker,
{46A7462D-7824-42CF-838D-C5EEFD91E675},2018-02-22T17:28:17Z,Nuttall's Woodpecker,2,nuttals woodpecker,
{3D290058-ABD7-43EC-91C8-F9457B7469EB},2018-03-19T15:08:20Z,Oak Titmouse,1,oak titmouse,
{97725959-B185-4646-A665-AF49970743F0},2018-03-19T15:17:05Z,Selasphorus sp.,1,selasphrus,
{4C5F1C78-3563-42E1-8334-36A2AE5EB681},2018-03-19T15:32:50Z,Selasphorus sp. ,1,selasphorus,
{B884072B-7069-45DC-B81F-1B9CB99E218D},2018-03-19T15:58:47Z,Selasphorus sp. ,2,selasphorus flowering red euc,
{CE03F81A-DC03-4232-9633-0990EC4868A1},2018-03-19T16:13:48Z,Selasphorus sp. ,2,selasphorus,
{417093A4-E5C2-4BDF-AA27-C024A3461B15},2018-03-19T16:16:47Z,Rufous Hummingbird,1,Rufus hummingbird,
{6A497416-546D-4567-B7D5-6A07F102E313},2018-03-19T16:18:46Z,Rufous Hummingbird,1,Rufus hummingbird,
{5CFAAECC-AAAE-47E2-B8CF-589C2C069BC1},2018-03-19T16:21:49Z,Selasphorus sp. ,1,selasphorus,
{6FD98AEE-54EA-467B-9B84-9CC89E08D7BE},2018-04-25T14:24:28Z,Short-billed Dowitcher,1,short-billed dowhitcher,
{6A98E1DA-CF64-4CE4-8CD0-D98EA7459A1B},2018-04-25T14:37:16Z,Selasphorus sp. ,1,saph hummer,Assumed Selasphorus
{7A44E888-0301-4DB2-999A-89DA52D8C5BD},2018-04-25T15:49:57Z,Vaux's Swift,2,Vaux swift,
{F4E085B4-8CDB-47D3-BFA1-27738524FB7D},2018-04-25T15:56:44Z,Selasphorus sp. ,1,saph hummer,Assumed Selasphorus
{24D19F41-52CF-4D14-A78B-DD6D8CA452A4},2018-05-21T14:14:45Z,Black-headed Grosbeak,1,black headed grosbeak,
{7A8CAFEE-9BAE-406D-9BAA-D711DCC1CF9B},2018-05-21T14:45:14Z,American Robin,1,robin,
{9F6E6FBD-ADA0-4B5A-BEE4-73B5A2050958},2018-05-21T15:48:28Z,Western Flycatcher,1,Pacific slope flycatcher,
{329BAC6F-CA49-46B1-91ED-51C292A68CEE},2018-06-20T14:37:46Z,Caspian Tern,5,Caspian tern,
{E885137F-0C69-4F4C-9EAD-4D0D6170D413},2018-09-17T15:30:59Z,tanager sp.,1,tanager,
{1737A5C4-214F-4BB8-9474-EE96E45CA7F8},2018-10-22T16:19:40Z,Elegant Tern,1,elegant tern,
{9EEFA7B8-A68B-44B9-99B3-8810F5AB7C0C},2018-12-21T00:00:00Z,Bonaparte's Gull,1,Bonaparte gull,
{A7CA00FA-8477-4F91-A17C-DF438033FE74},2018-12-21T00:00:00Z,American White Pelican,1,American white pelican,
NA,2019-01-28T16:23:36Z,Selasphorus sp. ,1,selasphorous,
NA,2019-01-28T17:21:53Z,Red-throated Loon,3,red throated loon,
NA,2019-01-28T17:31:18Z,Yellow-crowned Night Heron,1,yellow crowned night heron,
NA,2019-10-28T16:28:32Z,White-throated Swift,1,white throated swift,
NA,2019-11-22T17:15:44Z,Selasphorus sp. ,1,selasphorous hummingbird,
NA,2019-12-13T16:55:21Z,Tyrannus sp.,1,kingbird sp.,
{FB0A85E2-F197-4590-932A-5935367296BE},2020-10-16T16:12:15Z,Western x Glaucous-winged Gull,1,Glaucous-winged x Western Gull,
{3EA94878-1A94-4E7E-B85A-C0E771F1C4B2},2020-12-18T16:41:08Z,Eurasian Wigeon,1,Eurasian wigeon,