common_name,common_name_replacement
Belding’s Savannah Sparrow,Savannah Sparrow (Belding's)
Black-crowned Night-Heron,Black-crowned Night Heron
Eurasian Collared Dove,Eurasian Collared-Dove
House Wren,Northern House Wren
Mew Gull,Short-billed Gull
Nashville warbler,Nashville Warbler
Pacific-slope Flycatcher,Western Flycatcher
Selasphorous Hummingbird,Selasphorus sp.
Selasphorous sp.,Selasphorus sp.
Unidentified,bird sp.
Warbling Vireo,Western Warbling Vireo
Western Scrub-Jay,California Scrub-Jay
Western Snowy Plover,Snowy Plover (Northern)
Western x Glaucous-winged Gull,Western x Glaucous-winged Gull (hybrid)
Whimbrel,Hudsonian Whimbrel
Wilson's warbler,Wilson's Warbler
Yellow Warbler,Northern Yellow Warbler
hermit thrush,Hermit Thrush
merrimons chipmunk,NA
northern shoveler,Northern Shoveler
spotted sandpiper,Spotted Sandpiper
surf scotter,Surf Scoter
tanager sp.,tanager sp. (Piranga sp.)
western/least sandpiper,peep sp.
NA,NA