objectid,global_id,date,time,common_name,count,repeat_observation,substrate,sex,breeding_activity,observation_notes,observers,latitude,longitude,starting_temp_f,starting_percent_cloud_cover,starting_cloud_height,starting_wind_speed,starting_wind_direction,starting_rain,starting_time,ending_time,ending_temp_f,ending_percent_cloud_cover,ending_cloud_height,ending_wind_speed,ending_wind_direction,ending_rain,weather_note,creation_date,creator,edit_date,editor,date_survey,year,month,time_only
35,{7400185A-0291-444A-B5B5-14DB4F7A8C86},2017-12-18T00:00:00Z,NA,NA,1,No,NA,NA,No,peregrine falcon?,NA,34.41252522878631,-119.8485289748213,NA,NA,NA,NA,NA,NA,NA,NA,NA,NA,NA,NA,NA,NA,NA,NA,NA,NA,NA,2017-12-18,2017,12,NA
42,{057A6E62-ACB5-43AD-AF2E-67DD67996DEF},2017-12-18T00:00:00Z,NA,NA,1,No,NA,NA,No,thrasher,NA,34.41001453103367,-119.8507295436368,NA,NA,NA,NA,NA,NA,NA,NA,NA,NA,NA,NA,NA,NA,NA,NA,NA,NA,NA,2017-12-18,2017,12,NA
45,{3133EBAF-A366-4DF7-98F4-21B5A0BEB998},2017-12-18T00:00:00Z,NA,NA,2,No,NA,NA,No,gadwall,NA,34.40995911574034,-119.8496878751996,NA,NA,NA,NA,NA,NA,NA,NA,NA,NA,NA,NA,NA,NA,NA,NA,NA,NA,NA,2017-12-18,2017,12,NA
76,{725F149A-0BF2-4259-8866-CB79E18B6A8D},2017-12-18T00:00:00Z,NA,NA,1,No,NA,NA,No,wandering tattler,NA,34.40737151224186,-119.850321452478,NA,NA,NA,NA,NA,NA,NA,NA,NA,NA,NA,NA,NA,NA,NA,NA,NA,NA,NA,2017-12-18,2017,12,NA
79,{9E17A6A6-DC9D-476D-B2A8-90B54398EDBF},2017-12-18T00:00:00Z,NA,NA,1,No,NA,NA,No,tattler,NA,34.40743165035104,-119.850357649194,NA,NA,NA,NA,NA,NA,NA,NA,NA,NA,NA,NA,NA,NA,NA,NA,NA,NA,NA,2017-12-18,2017,12,NA
85,{D72A6B82-B619-4AF3-AA2F-5B9A9C159DF0},2017-12-18T00:00:00Z,NA,NA,2,No,NA,NA,No,fox!,NA,34.40829314095431,-119.8490452698528,NA,NA,NA,NA,NA,NA,NA,NA,NA,NA,NA,NA,NA,NA,NA,NA,NA,NA,NA,2017-12-18,2017,12,NA
88,{FEB80AB7-7C54-4D6F-B3A8-7F79618F6707},2017-12-18T00:00:00Z,NA,NA,1,No,NA,NA,No,thrasher,NA,34.4080344127749,-119.8489254714248,NA,NA,NA,NA,NA,NA,NA,NA,NA,NA,NA,NA,NA,NA,NA,NA,NA,NA,NA,2017-12-18,2017,12,NA
144,{136B74ED-A6DB-485E-8CD2-233F6450DFBC},2017-12-18T00:00:00Z,NA,NA,NA,No,NA,NA,No,NA,NA,34.40787804968804,-119.8487929501574,NA,NA,NA,None,None,None,NA,10,66,10,High,Light,Southwest,None,NA,NA,NA,NA,NA,2017-12-18,2017,12,NA
169,{3E7159EE-A6C7-453D-9D0A-1C946EAE5693},2017-12-18T00:00:00Z,NA,NA,1,No,Water - Floating,NA,No,gadwall,NA,34.41027442776553,-119.8484609552863,NA,NA,NA,NA,NA,NA,NA,NA,NA,NA,NA,NA,NA,NA,NA,NA,NA,NA,NA,2017-12-18,2017,12,NA
173,{DF75D5B1-4DC7-4267-BCAA-D0B591664219},2017-12-18T00:00:00Z,NA,NA,1,No,NA,NA,No,California thrasher,NA,34.40853224452411,-119.8482330724616,NA,NA,NA,NA,NA,NA,NA,NA,NA,NA,NA,NA,NA,NA,NA,NA,NA,NA,NA,2017-12-18,2017,12,NA
174,{2577379B-0033-4749-B47C-8BF69AC96EDC},2017-12-18T00:00:00Z,NA,NA,1,No,NA,NA,No,peregrine falcon,NA,34.41257170025916,-119.8484984572545,NA,NA,NA,NA,NA,NA,NA,NA,NA,NA,NA,NA,NA,NA,NA,NA,NA,NA,NA,2017-12-18,2017,12,NA
178,{3D056B4F-EEEC-4EDD-8F30-9DE9FBB697F6},2017-12-18T00:00:00Z,NA,NA,NA,No,NA,NA,No,gadwall,NA,34.40853564559933,-119.847257541589,NA,NA,NA,NA,NA,NA,NA,NA,NA,NA,NA,NA,NA,NA,NA,NA,NA,NA,NA,2017-12-18,2017,12,NA
207,{C22A0D70-D36F-43CD-975F-37B55482EC27},2017-12-18T00:00:00Z,NA,NA,3,No,Vegetation - Herbaceous,NA,No,wood duck,NA,34.40829779159892,-119.8439796241515,NA,NA,NA,NA,NA,NA,NA,NA,NA,NA,NA,NA,NA,NA,NA,NA,NA,NA,NA,2017-12-18,2017,12,NA
217,{1435ECA4-67EB-42DD-A9F9-F58B1E36AF1F},2017-12-18T00:00:00Z,NA,NA,20,No,NA,NA,No,cedar waxwing,NA,34.40876090927343,-119.8434751329829,NA,NA,NA,NA,NA,NA,NA,NA,NA,NA,NA,NA,NA,NA,NA,NA,NA,NA,NA,2017-12-18,2017,12,NA
246,{7F8055D0-7277-4882-8752-6FA27A681FEB},2017-12-18T00:00:00Z,NA,NA,1,No,Bare ground,NA,No,brandt,NA,34.40449224314381,-119.8439491856364,NA,NA,NA,NA,NA,NA,NA,NA,NA,NA,NA,NA,NA,NA,NA,NA,NA,NA,NA,2017-12-18,2017,12,NA
282,{F9CC4B48-DFC3-4A97-9EF7-23359FC37C0A},2017-12-18T00:00:00Z,NA,NA,1,No,Bare ground,NA,No,lark bunting,NA,34.40796766634069,-119.8495379733282,NA,NA,NA,NA,NA,NA,NA,NA,NA,NA,NA,NA,NA,NA,NA,NA,NA,NA,NA,2017-12-18,2017,12,NA
351,{D1CFBCAD-9CD2-4484-8567-C7C7F83A88D8},2018-01-11T16:44:48Z,2018-01-11T09:44:48Z,NA,1,No,Water - Floating,NA,No,Clark's grebe,NA,34.40830798447688,-119.844554165946,NA,NA,NA,NA,NA,NA,NA,NA,NA,NA,NA,NA,NA,NA,NA,2018-01-11T16:44:48Z,stratton@ccber.ucsb.edu_ucsb,2018-01-11T16:44:48Z,stratton@ccber.ucsb.edu_ucsb,2018-01-11,2018,1,09:44:48
408,{68D2822E-C32B-4364-B46E-4B9CAB6C95B0},2018-01-11T17:51:58Z,2018-01-11T10:51:58Z,NA,1,Yes,Vegetation - Tree,NA,No,tropical kingbird,NA,34.40648583865214,-119.8480262775883,NA,NA,NA,NA,NA,NA,NA,NA,NA,NA,NA,NA,NA,NA,NA,2018-01-11T17:51:58Z,stratton@ccber.ucsb.edu_ucsb,2018-01-11T17:51:58Z,stratton@ccber.ucsb.edu_ucsb,2018-01-11,2018,1,10:51:58
413,{551A9800-479E-45A1-BF57-EA584BBCE24A},2018-01-11T18:31:03Z,2018-01-11T11:31:03Z,NA,NA,No,NA,NA,No,end of survey,Dan Erika lisa,34.41116412032063,-119.8503300403721,NA,NA,NA,NA,NA,NA,745,1038,65,0,NA,None,NA,NA,NA,2018-01-11T18:31:03Z,stratton@ccber.ucsb.edu_ucsb,2018-01-11T18:31:03Z,stratton@ccber.ucsb.edu_ucsb,2018-01-11,2018,1,11:31:03
416,{8BCF8E7F-961E-4713-9863-D0274D070335},2018-01-11T15:56:42Z,2018-01-11T08:56:42Z,NA,1,No,Water - Floating,NA,No,greater scaup,NA,34.41059759074965,-119.8486871528715,NA,NA,NA,NA,NA,NA,NA,NA,NA,NA,NA,NA,NA,NA,NA,2018-01-11T15:56:42Z,drichardson@ccber.ucsb.edu_ucsb,2018-01-11T15:56:42Z,drichardson@ccber.ucsb.edu_ucsb,2018-01-11,2018,1,08:56:42
449,{6CC8F0D0-013C-4348-8173-C5BBD738988C},2018-01-11T16:34:15Z,2018-01-11T09:34:15Z,NA,1,No,Water - Floating,NA,No,horned grebe,NA,34.41018369300789,-119.8498716893714,NA,NA,NA,NA,NA,NA,NA,NA,NA,NA,NA,NA,NA,NA,NA,2018-01-11T16:34:15Z,drichardson@ccber.ucsb.edu_ucsb,2018-01-11T16:34:15Z,drichardson@ccber.ucsb.edu_ucsb,2018-01-11,2018,1,09:34:15
501,{A0E5D4E1-E709-4E33-A30B-641E0ACA9B5B},2018-01-11T17:35:14Z,2018-01-11T10:35:14Z,NA,1,No,Vegetation - Tree,NA,No,huttons vireo,NA,34.40796521093895,-119.8474107097348,NA,NA,NA,NA,NA,NA,NA,NA,NA,NA,NA,NA,NA,NA,NA,2018-01-11T17:35:14Z,drichardson@ccber.ucsb.edu_ucsb,2018-01-11T18:32:52Z,drichardson@ccber.ucsb.edu_ucsb,2018-01-11,2018,1,10:35:14
522,{9F1EF122-E1DD-4B01-84C6-34A923C90A45},2018-01-11T18:31:31Z,2018-01-11T11:31:31Z,NA,NA,No,NA,NA,No,NA,NA,34.41117922494665,-119.8481591581818,NA,NA,NA,NA,NA,NA,NA,NA,65,0,Clear,None,NA,NA,NA,2018-01-11T18:31:31Z,drichardson@ccber.ucsb.edu_ucsb,2018-01-11T18:31:31Z,drichardson@ccber.ucsb.edu_ucsb,2018-01-11,2018,1,11:31:31
531,{AD5FD8F5-6DF4-45A6-BA3A-A8DC78101511},2018-02-22T15:27:37Z,2018-02-22T08:27:37Z,NA,2,No,NA,NA,NA,brewers blackbird,NA,34.41083455554147,-119.8474546319623,NA,NA,NA,NA,NA,NA,NA,NA,NA,NA,NA,NA,NA,NA,NA,2018-02-22T15:27:37Z,ccber_user,2018-02-22T15:27:37Z,ccber_user,2018-02-22,2018,2,08:27:37
597,{E398E674-CC66-41F0-A0FE-1F40EC468C55},2018-02-22T16:19:45Z,2018-02-22T09:19:45Z,NA,1,No,Vegetation - Tree,NA,NA,white breasted nuthatch,NA,34.40883881358539,-119.8433913264551,NA,NA,NA,NA,NA,NA,NA,NA,NA,NA,NA,NA,NA,NA,NA,2018-02-22T16:19:45Z,ccber_user,2018-02-22T16:19:45Z,ccber_user,2018-02-22,2018,2,09:19:45
599,{8E7B73FA-CCB1-487A-B547-6583C0F1E5AF},2018-02-22T16:22:40Z,2018-02-22T09:22:40Z,NA,1,No,Vegetation - Tree,NA,NA,purple finch,NA,34.40889599351807,-119.8435376413536,NA,NA,NA,NA,NA,NA,NA,NA,NA,NA,NA,NA,NA,NA,NA,2018-02-22T16:22:40Z,ccber_user,2018-02-22T16:22:40Z,ccber_user,2018-02-22,2018,2,09:22:40
619,{19FB0519-5248-433D-A8ED-3501C1DE5CB0},2018-02-22T16:36:26Z,2018-02-22T09:36:26Z,NA,1,No,Vegetation - Tree,NA,NA,osprey,NA,34.40663200903683,-119.8449266748364,NA,NA,NA,NA,NA,NA,NA,NA,NA,NA,NA,NA,NA,NA,NA,2018-02-22T16:36:26Z,ccber_user,2018-02-22T16:36:26Z,ccber_user,2018-02-22,2018,2,09:36:26
641,{97685938-5EF0-4DDB-927F-B12F9242BBE8},2018-02-22T17:02:52Z,2018-02-22T10:02:52Z,NA,1,No,NA,NA,NA,flying royal tern,NA,34.40520311697973,-119.8441267331608,NA,NA,NA,NA,NA,NA,NA,NA,NA,NA,NA,NA,NA,NA,NA,2018-02-22T17:02:52Z,ccber_user,2018-02-22T17:02:52Z,ccber_user,2018-02-22,2018,2,10:02:52
669,{CB0F938A-022D-47D9-A04D-0D403FBC4140},2018-02-22T18:18:42Z,2018-02-22T11:18:42Z,NA,NA,No,NA,NA,NA,NA,NA,34.41101237355748,-119.8483899784974,NA,NA,NA,NA,NA,NA,NA,10:00,55,0,NA,NA,NA,NA,NA,2018-02-22T18:18:42Z,ccber_user,2018-02-22T18:18:42Z,ccber_user,2018-02-22,2018,2,11:18:42
670,{CEA79451-94EB-4A38-9C4B-2427E3D0A402},2018-02-22T15:17:34Z,2018-02-22T08:17:34Z,NA,NA,No,NA,NA,NA,NA,NA,34.41095078321369,-119.8484194998326,NA,NA,NA,NA,NA,NA,NA,NA,NA,NA,NA,NA,NA,NA,NA,2018-02-22T15:17:34Z,ccber_user,2018-02-22T15:17:34Z,ccber_user,2018-02-22,2018,2,08:17:34
731,{9C97152A-3629-4823-BBA6-B2A4FED30278},2018-02-22T16:25:00Z,2018-02-22T09:25:00Z,NA,1,No,NA,NA,NA,red wing blackbird,NA,34.4080590431065,-119.850335319771,NA,NA,NA,NA,NA,NA,NA,NA,NA,NA,NA,NA,NA,NA,NA,2018-02-22T16:25:00Z,ccber_user,2018-02-22T16:25:00Z,ccber_user,2018-02-22,2018,2,09:25:00
748,{B66F073A-2EF7-4D35-AC30-2ABC4552E472},2018-02-22T16:37:43Z,2018-02-22T09:37:43Z,NA,1,No,NA,NA,NA,osprey,NA,34.40727307158836,-119.8500310981135,NA,NA,NA,NA,NA,NA,NA,NA,NA,NA,NA,NA,NA,NA,NA,2018-02-22T16:37:43Z,ccber_user,2018-02-22T16:38:17Z,ccber_user,2018-02-22,2018,2,09:37:43
753,{844F7430-0628-4B6D-878D-55F9893871AC},2018-02-22T16:45:15Z,2018-02-22T09:45:15Z,NA,NA,No,Vegetation - Tree,NA,NA,northern rough wing swallow,NA,34.40858549368103,-119.849505879218,NA,NA,NA,NA,NA,NA,NA,NA,NA,NA,NA,NA,NA,NA,NA,2018-02-22T16:45:15Z,ccber_user,2018-02-22T16:45:15Z,ccber_user,2018-02-22,2018,2,09:45:15
776,{69728A80-7C52-40D6-95F8-0B286B4E3DFC},2018-02-22T17:09:41Z,2018-02-22T10:09:41Z,NA,NA,No,NA,NA,NA,northern flicker,NA,34.40834873300103,-119.8480655564241,NA,NA,NA,NA,NA,NA,NA,NA,NA,NA,NA,NA,NA,NA,NA,2018-02-22T17:09:41Z,ccber_user,2018-02-22T17:09:41Z,ccber_user,2018-02-22,2018,2,10:09:41
799,{46A7462D-7824-42CF-838D-C5EEFD91E675},2018-02-22T17:28:17Z,2018-02-22T10:28:17Z,NA,2,No,Vegetation - Tree,NA,NA,nuttals woodpecker,NA,34.40769472423925,-119.8462693929798,NA,NA,NA,NA,NA,NA,NA,NA,NA,NA,NA,NA,NA,NA,NA,2018-02-22T17:28:17Z,ccber_user,2018-02-22T17:28:17Z,ccber_user,2018-02-22,2018,2,10:28:17
822,{3D290058-ABD7-43EC-91C8-F9457B7469EB},2018-03-19T15:08:20Z,2018-03-19T08:08:20Z,NA,1,No,NA,NA,NA,oak titmouse,NA,34.41062748374618,-119.8474864781375,NA,NA,NA,NA,NA,NA,NA,NA,NA,NA,NA,NA,NA,NA,NA,2018-03-19T15:08:20Z,clark@ccber.ucsb.edu_ucsb,2018-03-19T15:08:20Z,clark@ccber.ucsb.edu_ucsb,2018-03-19,2018,3,08:08:20
926,{8B3F6614-2CED-43E8-83BA-F0DF808712E3},2018-03-19T17:37:35Z,2018-03-19T10:37:35Z,NA,NA,No,NA,NA,NA,NA,NA,34.41123752310044,-119.8481261064675,NA,NA,NA,NA,NA,NA,NA,10:36,60,NA,NA,NA,NA,NA,NA,2018-03-19T17:37:35Z,clark@ccber.ucsb.edu_ucsb,2018-03-19T17:37:35Z,clark@ccber.ucsb.edu_ucsb,2018-03-19,2018,3,10:37:35
957,{97725959-B185-4646-A665-AF49970743F0},2018-03-19T15:17:05Z,2018-03-19T08:17:05Z,NA,1,No,NA,NA,NA,selasphrus,NA,34.41057296709445,-119.8506090786589,NA,NA,NA,NA,NA,NA,NA,NA,NA,NA,NA,NA,NA,NA,NA,2018-03-19T15:17:05Z,ccber_user,2018-03-19T15:17:05Z,ccber_user,2018-03-19,2018,3,08:17:05
970,{4C5F1C78-3563-42E1-8334-36A2AE5EB681},2018-03-19T15:32:50Z,2018-03-19T08:32:50Z,NA,1,No,NA,NA,NA,selasphorus,NA,34.40870391897898,-119.8507090027595,NA,NA,NA,NA,NA,NA,NA,NA,NA,NA,NA,NA,NA,NA,NA,2018-03-19T15:32:50Z,ccber_user,2018-03-19T15:32:50Z,ccber_user,2018-03-19,2018,3,08:32:50
1000,{B884072B-7069-45DC-B81F-1B9CB99E218D},2018-03-19T15:58:47Z,2018-03-19T08:58:47Z,NA,2,No,NA,NA,NA,selasphorus flowering red euc,NA,34.40897107917702,-119.8493359763568,NA,NA,NA,NA,NA,NA,NA,NA,NA,NA,NA,NA,NA,NA,NA,2018-03-19T15:58:47Z,ccber_user,2018-03-19T16:00:30Z,ccber_user,2018-03-19,2018,3,08:58:47
1009,{CE03F81A-DC03-4232-9633-0990EC4868A1},2018-03-19T16:13:48Z,2018-03-19T09:13:48Z,NA,2,No,NA,M,NA,selasphorus,NA,34.40883458986398,-119.8483772278102,NA,NA,NA,NA,NA,NA,NA,NA,NA,NA,NA,NA,NA,NA,NA,2018-03-19T16:13:48Z,ccber_user,2018-03-19T16:13:48Z,ccber_user,2018-03-19,2018,3,09:13:48
1014,{417093A4-E5C2-4BDF-AA27-C024A3461B15},2018-03-19T16:16:47Z,2018-03-19T09:16:47Z,NA,1,No,NA,M,NA,Rufus hummingbird,NA,34.4089574215845,-119.8484054636562,NA,NA,NA,NA,NA,NA,NA,NA,NA,NA,NA,NA,NA,NA,NA,2018-03-19T16:16:47Z,ccber_user,2018-03-19T16:16:47Z,ccber_user,2018-03-19,2018,3,09:16:47
1017,{6A497416-546D-4567-B7D5-6A07F102E313},2018-03-19T16:18:46Z,2018-03-19T09:18:46Z,NA,1,No,NA,NA,NA,Rufus hummingbird,NA,34.40840891413478,-119.8483053536044,NA,NA,NA,NA,NA,NA,NA,NA,NA,NA,NA,NA,NA,NA,NA,2018-03-19T16:18:46Z,ccber_user,2018-03-19T16:18:46Z,ccber_user,2018-03-19,2018,3,09:18:46
1019,{5CFAAECC-AAAE-47E2-B8CF-589C2C069BC1},2018-03-19T16:21:49Z,2018-03-19T09:21:49Z,NA,1,No,NA,NA,NA,selasphorus,NA,34.40832420206723,-119.847982874587,NA,NA,NA,NA,NA,NA,NA,NA,NA,NA,NA,NA,NA,NA,NA,2018-03-19T16:21:49Z,ccber_user,2018-03-19T16:21:49Z,ccber_user,2018-03-19,2018,3,09:21:49
1155,{6FD98AEE-54EA-467B-9B84-9CC89E08D7BE},2018-04-25T14:24:28Z,2018-04-25T07:24:28Z,NA,1,No,NA,NA,NA,short-billed dowhitcher,NA,34.41029921010851,-119.8477644339543,NA,NA,NA,NA,NA,NA,NA,NA,NA,NA,NA,NA,NA,NA,NA,2018-04-25T14:24:28Z,clark@ccber.ucsb.edu_ucsb,2018-04-25T14:24:28Z,clark@ccber.ucsb.edu_ucsb,2018-04-25,2018,4,07:24:28
1172,{6A98E1DA-CF64-4CE4-8CD0-D98EA7459A1B},2018-04-25T14:37:16Z,2018-04-25T07:37:16Z,NA,1,No,NA,NA,NA,saph hummer,NA,34.40915209542906,-119.8461821234466,NA,NA,NA,NA,NA,NA,NA,NA,NA,NA,NA,NA,NA,NA,NA,2018-04-25T14:37:16Z,clark@ccber.ucsb.edu_ucsb,2018-04-25T14:37:16Z,clark@ccber.ucsb.edu_ucsb,2018-04-25,2018,4,07:37:16
1243,{7A44E888-0301-4DB2-999A-89DA52D8C5BD},2018-04-25T15:49:57Z,2018-04-25T08:49:57Z,NA,2,No,NA,NA,NA,Vaux swift,NA,34.40782568574634,-119.8492722983796,NA,NA,NA,NA,NA,NA,NA,NA,NA,NA,NA,NA,NA,NA,NA,2018-04-25T15:49:57Z,clark@ccber.ucsb.edu_ucsb,2018-04-25T15:49:57Z,clark@ccber.ucsb.edu_ucsb,2018-04-25,2018,4,08:49:57
1247,{F4E085B4-8CDB-47D3-BFA1-27738524FB7D},2018-04-25T15:56:44Z,2018-04-25T08:56:44Z,NA,1,No,NA,NA,NA,saph hummer,NA,34.40824066906617,-119.8489013777105,NA,NA,NA,NA,NA,NA,NA,NA,NA,NA,NA,NA,NA,NA,NA,2018-04-25T15:56:44Z,clark@ccber.ucsb.edu_ucsb,2018-04-25T15:56:44Z,clark@ccber.ucsb.edu_ucsb,2018-04-25,2018,4,08:56:44
1272,{24D19F41-52CF-4D14-A78B-DD6D8CA452A4},2018-05-21T14:14:45Z,2018-05-21T07:14:45Z,NA,1,No,NA,NA,NA,black headed grosbeak,NA,34.41007738864568,-119.8474661860935,NA,NA,NA,NA,NA,NA,NA,NA,NA,NA,NA,NA,NA,NA,NA,2018-05-21T14:14:45Z,clark@ccber.ucsb.edu_ucsb,2018-05-21T14:14:45Z,clark@ccber.ucsb.edu_ucsb,2018-05-21,2018,5,07:14:45
1308,{7A8CAFEE-9BAE-406D-9BAA-D711DCC1CF9B},2018-05-21T14:45:14Z,2018-05-21T07:45:14Z,NA,1,No,NA,NA,NA,robin,NA,34.40842351306145,-119.8434665037663,NA,NA,NA,NA,NA,NA,NA,NA,NA,NA,NA,NA,NA,NA,NA,2018-05-21T14:45:14Z,clark@ccber.ucsb.edu_ucsb,2018-05-21T14:45:14Z,clark@ccber.ucsb.edu_ucsb,2018-05-21,2018,5,07:45:14
1358,{9F6E6FBD-ADA0-4B5A-BEE4-73B5A2050958},2018-05-21T15:48:28Z,2018-05-21T08:48:28Z,NA,1,No,NA,NA,NA,Pacific slope flycatcher,NA,34.40890350935011,-119.8484690895312,NA,NA,NA,NA,NA,NA,NA,NA,NA,NA,NA,NA,NA,NA,NA,2018-05-21T15:48:28Z,clark@ccber.ucsb.edu_ucsb,2018-05-21T15:48:28Z,clark@ccber.ucsb.edu_ucsb,2018-05-21,2018,5,08:48:28
1467,{329BAC6F-CA49-46B1-91ED-51C292A68CEE},2018-06-20T14:37:46Z,2018-06-20T07:37:46Z,NA,5,No,NA,NA,NA,Caspian tern,NA,34.40654603520795,-119.8432682258201,NA,NA,NA,NA,NA,NA,NA,NA,NA,NA,NA,NA,NA,NA,NA,2018-06-20T14:37:46Z,ccber_user,2018-06-20T14:50:03Z,ccber_user,2018-06-20,2018,6,07:37:46
1955,{E885137F-0C69-4F4C-9EAD-4D0D6170D413},2018-09-17T15:30:59Z,2018-09-17T08:30:59Z,NA,1,No,NA,NA,NA,tanager,NA,34.40866617963716,-119.8435961091022,NA,NA,NA,NA,NA,NA,NA,NA,NA,NA,NA,NA,NA,NA,NA,2018-09-17T15:30:59Z,ccber_user,2018-09-17T15:30:59Z,ccber_user,2018-09-17,2018,9,08:30:59
2123,{1737A5C4-214F-4BB8-9474-EE96E45CA7F8},2018-10-22T16:19:40Z,2018-10-22T09:19:40Z,NA,1,No,NA,NA,NA,elegant tern,NA,34.40590293111932,-119.8439224266207,NA,NA,NA,NA,NA,NA,NA,NA,NA,NA,NA,NA,NA,NA,NA,2018-10-22T16:19:40Z,clark@ccber.ucsb.edu_ucsb,2018-10-22T16:19:40Z,clark@ccber.ucsb.edu_ucsb,2018-10-22,2018,10,09:19:40
2589,{9EEFA7B8-A68B-44B9-99B3-8810F5AB7C0C},2018-12-21T00:00:00Z,NA,NA,1,No,NA,NA,NA,Bonaparte gull,NA,34.4079705204765,-119.8455452026388,NA,NA,NA,NA,NA,NA,NA,NA,NA,NA,NA,NA,NA,NA,NA,NA,NA,NA,NA,2018-12-21,2018,12,NA
2607,{A7CA00FA-8477-4F91-A17C-DF438033FE74},2018-12-21T00:00:00Z,NA,NA,1,No,NA,NA,NA,American white pelican,NA,34.40906898273526,-119.8484117608464,NA,NA,NA,NA,NA,NA,NA,NA,NA,NA,NA,NA,NA,NA,NA,NA,NA,NA,NA,2018-12-21,2018,12,NA
2720,{68509C82-E202-4AD4-B8A3-FB4FF03BF167},2018-12-21T00:00:00Z,NA,NA,2,No,NA,NA,NA,NA,NA,34.40650855726131,-119.847656914598,NA,NA,NA,NA,NA,NA,NA,NA,NA,NA,NA,NA,NA,NA,NA,NA,NA,NA,NA,2018-12-21,2018,12,NA
451,NA,2019-01-28T16:23:36Z,2019-01-28T09:23:36Z,NA,1,No,NA,NA,NA,selasphorous,NA,34.40838284091088,-119.8504661270528,NA,NA,NA,NA,NA,NA,NA,NA,NA,NA,NA,NA,NA,NA,NA,2019-01-28T16:23:36Z,clark@ccber.ucsb.edu_ucsb,2019-01-28T16:23:36Z,clark@ccber.ucsb.edu_ucsb,2019-01-28,2019,1,09:23:36
369,NA,2019-01-28T17:21:53Z,2019-01-28T10:21:53Z,NA,3,No,NA,NA,NA,red throated loon,NA,34.40423415692516,-119.8448707798628,NA,NA,NA,NA,NA,NA,NA,NA,NA,NA,NA,NA,NA,NA,NA,2019-01-28T17:21:53Z,ccber_user,2019-01-28T17:24:05Z,ccber_user,2019-01-28,2019,1,10:21:53
491,NA,2019-01-28T17:26:47Z,2019-01-28T10:26:47Z,NA,NA,No,NA,NA,NA,NA,NA,34.40765658274196,-119.84638144972659,NA,NA,NA,NA,NA,NA,NA,NA,NA,NA,NA,NA,NA,NA,NA,2019-01-28T17:26:47Z,clark@ccber.ucsb.edu_ucsb,2019-01-28T17:26:47Z,clark@ccber.ucsb.edu_ucsb,2019-01-28,2019,1,10:26:47
494,NA,2019-01-28T17:31:18Z,2019-01-28T10:31:18Z,NA,1,No,NA,NA,NA,yellow crowned night heron,NA,34.40877285117205,-119.8458664644389,NA,NA,NA,NA,NA,NA,NA,NA,NA,NA,NA,NA,NA,NA,NA,2019-01-28T17:31:18Z,clark@ccber.ucsb.edu_ucsb,2019-01-28T17:31:18Z,clark@ccber.ucsb.edu_ucsb,2019-01-28,2019,1,10:31:18
2177,NA,2019-10-28T16:28:32Z,2019-10-28T09:28:32Z,NA,1,No,NA,NA,NA,white throated swift,NA,34.40936604410826,-119.8489817877082,NA,NA,NA,NA,NA,NA,NA,NA,NA,NA,NA,NA,NA,NA,NA,2019-10-28T16:28:32Z,clark@ccber.ucsb.edu_ucsb,2019-10-28T16:28:32Z,clark@ccber.ucsb.edu_ucsb,2019-10-28,2019,10,09:28:32
2425,NA,2019-11-22T17:15:44Z,2019-11-22T10:15:44Z,NA,1,No,NA,NA,NA,selasphorous hummingbird,NA,34.40802746087304,-119.8472905196414,NA,NA,NA,NA,NA,NA,NA,NA,NA,NA,NA,NA,NA,NA,NA,2019-11-22T17:15:44Z,clark@ccber.ucsb.edu_ucsb,2019-11-22T17:15:44Z,clark@ccber.ucsb.edu_ucsb,2019-11-22,2019,11,10:15:44
2573,NA,2019-11-22T18:12:02Z,2019-11-22T11:12:02Z,NA,NA,No,NA,NA,NA,NA,NA,34.41105763340811,-119.851003933142,NA,NA,NA,NA,NA,NA,NA,1011,65,0,NA,Light,NA,NA,NA,2019-11-22T18:12:02Z,ccber_user,2019-11-22T18:12:02Z,ccber_user,2019-11-22,2019,11,11:12:02
190,NA,2019-12-13T16:55:21Z,2019-12-13T09:55:21Z,NA,1,No,NA,NA,NA,kingbird sp.,NA,34.40741137555226,-119.8499195731693,NA,NA,NA,NA,NA,NA,NA,NA,NA,NA,NA,NA,NA,NA,NA,2019-12-13T16:55:21Z,ccber_user,2019-12-13T16:55:21Z,ccber_user,2019-12-13,2019,12,09:55:21
1991,{FB0A85E2-F197-4590-932A-5935367296BE},2020-10-16T16:12:15Z,2020-10-16T09:12:15Z,NA,1,No,NA,NA,NA,Glaucous-winged x Western Gull,"EAST: Darwin, Conor",34.404852925699956,-119.84441765705711,NA,NA,NA,NA,NA,NA,NA,NA,NA,NA,NA,NA,NA,NA,NA,2020-10-16T16:12:15Z,clark@ccber.ucsb.edu_ucsb,2020-10-28T20:39:14Z,CCBER-Admin,2020-10-16,2020,10,09:12:15
2289,{3EA94878-1A94-4E7E-B85A-C0E771F1C4B2},2020-12-18T16:41:08Z,2020-12-18T09:41:08Z,NA,1,No,NA,NA,NA,Eurasian wigeon,NA,34.408864833305536,-119.84575760030457,NA,NA,NA,NA,NA,NA,NA,NA,NA,NA,NA,NA,NA,NA,NA,2020-12-18T16:41:08Z,clark@ccber.ucsb.edu_ucsb,2020-12-18T16:41:08Z,clark@ccber.ucsb.edu_ucsb,2020-12-18,2020,12,09:41:08
