OBJECTID,Species,Count,Repeat Observation,Substrate,Sex,Breeding Activity,Observation Notes,Water Level,Observers,Starting Time,Ending Time,Starting Temp (F),Starting % Cloud Cover,Starting Cloud Height,Starting Wind Speed,Starting Wind Direction,Starting Rain,Ending Temp (F),Ending % Cloud Cover,Ending Cloud Height,Ending Wind Speed,Ending Wind Direction,Ending Rain,Weather Note,GlobalID,Speed (km/h),Direction of travel (°),Compass reading (°),Position source type,Receiver Name,Horizontal Accuracy (m),Vertical Accuracy (m),Latitude,Longitude,Altitude,PDOP,HDOP,VDOP,Fix Type,Correction Age,Station ID,Number of Satellites,Fix Time,Average Horizontal Accuracy (m),Average Vertical Accuracy (m),Averaged Positions,Standard Deviation (m),CreationDate,Creator,EditDate,Editor,x,y
1,Black-crowned Night-Heron,1,No,,,,,,"CB, GK",7:48,,57,0,Fog,,,,,,,,,,,d7f548e1-f358-4bbf-920f-585bffb900cd,,,,,,,,,,,,,,,,,,,,,,,12/17/2025 3:47:57 PM,ccber_user,12/17/2025 3:48:49 PM,ccber_user,-119.848947418165,34.4111920669522
2,Pied-billed Grebe,4,No,,,,,,,,,,,,,,,,,,,,,,0a0967b9-aa16-43a0-ab8c-9fd6626d7980,,,,,,,,,,,,,,,,,,,,,,,12/17/2025 3:49:57 PM,ccber_user,12/17/2025 3:49:57 PM,ccber_user,-119.848564945162,34.4107727560719
3,Forster's Tern,14,No,,,,,,,,,,,,,,,,,,,,,,c53e0943-5e34-4eb5-b7fd-8b2b2a96d0e6,,,,,,,,,,,,,,,,,,,,,,,12/17/2025 3:50:11 PM,ccber_user,12/17/2025 4:07:37 PM,ccber_user,-119.849886914019,34.4110099419607
4,Northern Mockingbird,1,No,,,,,,,,,,,,,,,,,,,,,,71f7f7cf-6fc1-4f27-9a38-87ef87b49cba,,,,,,,,,,,,,,,,,,,,,,,12/17/2025 3:53:56 PM,ccber_user,12/17/2025 3:53:56 PM,ccber_user,-119.84907485407,34.4116187038179
5,Black-necked Stilt,2,No,,,,,,,,,,,,,,,,,,,,,,2bf02799-00d7-47f3-ba7b-5ce80843b6d6,,,,,,,,,,,,,,,,,,,,,,,12/17/2025 3:54:04 PM,ccber_user,12/17/2025 3:54:04 PM,ccber_user,-119.848960625197,34.4111612759283
6,Long-billed Dowitcher,11,No,,,,,,,,,,,,,,,,,,,,,,529334d5-b3b7-468e-9053-302e695a8b5a,,,,,,,,,,,,,,,,,,,,,,,12/17/2025 3:54:12 PM,ccber_user,12/17/2025 3:54:12 PM,ccber_user,-119.849019665172,34.4112512796298
7,Song Sparrow,2,No,,,,,,,,,,,,,,,,,,,,,,27fb323f-5fc1-4a90-a24d-3ed456e09540,,,,,,,,,,,,,,,,,,,,,,,12/17/2025 3:54:19 PM,ccber_user,12/17/2025 3:54:19 PM,ccber_user,-119.848990144735,34.4113021043609
8,Red-tailed Hawk,1,No,,,,,,,,,,,,,,,,,,,,,,6f61de39-eade-4f94-9708-c8e49843b586,,,,,,,,,,,,,,,,,,,,,,,12/17/2025 3:54:29 PM,ccber_user,12/17/2025 3:54:29 PM,ccber_user,-119.849304593712,34.4117071180909
9,Black Phoebe,1,No,,,,,,,,,,,,,,,,,,,,,,91d08b2a-e0e8-4c96-ae04-03001940effc,,,,,,,,,,,,,,,,,,,,,,,12/17/2025 3:54:38 PM,ccber_user,12/17/2025 3:54:38 PM,ccber_user,-119.849225019148,34.411608644743
10,California Towhee,1,No,,,,,,,,,,,,,,,,,,,,,,96ec2151-be90-49da-b987-afe972c066da,,,,,,,,,,,,,,,,,,,,,,,12/17/2025 3:54:47 PM,ccber_user,12/17/2025 3:54:47 PM,ccber_user,-119.849309727584,34.4115864084989
11,Ring-billed Gull,1,No,,,,,,,,,,,,,,,,,,,,,,cf0d491d-e9f3-4583-970b-6568befad55d,,,,,,,,,,,,,,,,,,,,,,,12/17/2025 3:55:26 PM,ccber_user,12/17/2025 3:55:26 PM,ccber_user,-119.849825315642,34.4108883657396
12,Common Yellowthroat,2,No,,,,,,,,,,,,,,,,,,,,,,abde7826-92f3-410f-b800-df9f909a789e,,,,,,,,,,,,,,,,,,,,,,,12/17/2025 3:55:45 PM,ccber_user,12/17/2025 3:55:45 PM,ccber_user,-119.849721996807,34.4114919169945
13,Snowy Egret,1,No,,,,,,,,,,,,,,,,,,,,,,cbf40cd4-6635-43dc-a516-32a347b48b47,,,,,,,,,,,,,,,,,,,,,,,12/17/2025 3:55:55 PM,ccber_user,12/17/2025 3:55:55 PM,ccber_user,-119.849856630014,34.4114542204127
14,Yellow-rumped Warbler,3,No,,,,,,,,,,,,,,,,,,,,,,20791d54-ce93-47ce-a4e9-4cda0a55f159,,,,,,,,,,,,,,,,,,,,,,,12/17/2025 3:56:14 PM,ccber_user,12/17/2025 3:56:14 PM,ccber_user,-119.849176450834,34.4116503728874
15,Blue-gray Gnatcatcher,1,No,,,,,,,,,,,,,,,,,,,,,,cad89fc5-b2f5-42fb-ac08-66eb660891f4,,,,,,,,,,,,,,,,,,,,,,,12/17/2025 3:57:26 PM,ccber_user,12/17/2025 3:57:26 PM,ccber_user,-119.849774545557,34.4116495680432
16,Black Phoebe,1,No,,,,,,,,,,,,,,,,,,,,,,10ab8a75-7b26-433f-9953-4cb04a9bc92b,,,,,,,,,,,,,,,,,,,,,,,12/17/2025 3:58:11 PM,ccber_user,12/17/2025 3:58:11 PM,ccber_user,-119.850513821306,34.4116495680432
17,Brown Pelican,4,No,,,,,,,,,,,,,,,,,,,,,,65948a8f-1bb6-4e8b-b013-9be2464f82c6,,,,,,,,,,,,,,,,,,,,,,,12/17/2025 3:58:58 PM,ccber_user,12/17/2025 3:58:58 PM,ccber_user,-119.850339089102,34.4111695193298
18,Ring-billed Gull,2,No,,,,,,,,,,,,,,,,,,,,,,4606c719-eb00-46f0-a0fa-317234be6c52,,,,,,,,,,,,,,,,,,,,,,,12/17/2025 3:59:05 PM,ccber_user,12/17/2025 4:00:46 PM,ccber_user,-119.850336578311,34.4111801543024
19,Pied-billed Grebe,1,No,,,,,,,,,,,,,,,,,,,,,,35ce814b-7ae5-4cdf-981a-42354bdabc08,,,,,,,,,,,,,,,,,,,,,,,12/17/2025 3:59:12 PM,ccber_user,12/17/2025 3:59:12 PM,ccber_user,-119.85016331036,34.4111356823215
20,Snowy Egret,2,No,,,,,,,,,,,,,,,,,,,,,,8c663621-29cc-43dd-b8cb-63a3cf2afb67,,,,,,,,,,,,,,,,,,,,,,,12/17/2025 3:59:19 PM,ccber_user,12/17/2025 3:59:19 PM,ccber_user,-119.850425136926,34.4110837976964
21,Black-necked Stilt,3,No,,,,,,,,,,,,,,,,,,,,,,48dee795-5ba6-46f7-aaeb-df8f59427aba,,,,,,,,,,,,,,,,,,,,,,,12/17/2025 3:59:28 PM,ccber_user,12/17/2025 3:59:28 PM,ccber_user,-119.850441822234,34.411280216358
22,Long-billed Dowitcher,11,No,,,,,,,,,,,,,,,,,,,,,,0e1130f8-2a71-47da-8dce-9ec5ceaa4f64,,,,,,,,,,,,,,,,,,,,,,,12/17/2025 3:59:36 PM,ccber_user,12/17/2025 3:59:36 PM,ccber_user,-119.850463641414,34.4112590390761
23,Pied-billed Grebe,3,No,,,,,,,,,,,,,,,,,,,,,,33d4dd35-1c6f-4e3a-a1e9-e0d1cc81e282,,,,,,,,,,,,,,,,,,,,,,,12/17/2025 4:00:38 PM,ccber_user,12/17/2025 4:00:38 PM,ccber_user,-119.849966940436,34.4109032614208
24,American Coot,1,No,,,,,,,,,,,,,,,,,,,,,,d3a57dda-b4e6-4c2c-b4e9-51c88bc0a9a4,,,,,,,,,,,,,,,,,,,,,,,12/17/2025 4:01:37 PM,ccber_user,12/17/2025 4:01:37 PM,ccber_user,-119.85057401921,34.4111870370187
25,Long-billed Dowitcher,11,No,,,,,,,,,,,,,,,,,,,,,,e640ed71-2341-49bb-b339-efa65f01048f,,,,,,,,,,,,,,,,,,,,,,,12/17/2025 4:01:45 PM,ccber_user,12/17/2025 4:01:45 PM,ccber_user,-119.850627924415,34.4111796244066
26,American Coot,1,No,,,,,,,,,,,,,,,,,,,,,,005fb8cc-fbc0-4f7e-8027-de26935e6e1c,,,,,,,,,,,,,,,,,,,,,,,12/17/2025 4:02:13 PM,ccber_user,12/17/2025 4:02:13 PM,ccber_user,-119.850870499186,34.4109117323702
27,Black-necked Stilt,1,No,,,,,,,,,,,,,,,,,,,,,,afd83045-96ad-4022-88c0-489f91f69ce8,,,,,,,,,,,,,,,,,,,,,,,12/17/2025 4:02:20 PM,ccber_user,12/17/2025 4:02:20 PM,ccber_user,-119.850869216392,34.4109244387928
28,Long-billed Dowitcher,1,No,,,,,,,,,,,,,,,,,,,,,,603e04b3-83b4-46a0-ab52-64b1a4095e3f,,,,,,,,,,,,,,,,,,,,,,,12/17/2025 4:02:27 PM,ccber_user,12/17/2025 4:02:27 PM,ccber_user,-119.850852531084,34.4108577302382
29,Greater Yellowlegs,1,No,,,,,,,,,,,,,,,,,,,,,,d3246ff0-bb14-4e3a-8cbb-d9326af6255a,,,,,,,,,,,,,,,,,,,,,,,12/17/2025 4:02:37 PM,ccber_user,12/17/2025 4:02:37 PM,ccber_user,-119.850878200443,34.4109371452134
30,Anna's Hummingbird,2,No,,,,,,,,,,,,,,,,,,,,,,d124c021-9b31-411a-9b7b-89baf9487a57,,,,,,,,,,,,,,,,,,,,,,,12/17/2025 4:04:05 PM,ccber_user,12/17/2025 4:04:05 PM,ccber_user,-119.85114572143,34.4110952731029
31,Common Yellowthroat,1,No,,,,,,,,,,,,,,,,,,,,,,0448effb-09f6-4b0f-9397-b9832cd5460e,,,,,,,,,,,,,,,,,,,,,,,12/17/2025 4:04:43 PM,ccber_user,12/17/2025 4:04:43 PM,ccber_user,-119.850954449445,34.4107472690671
32,Black-necked Stilt,2,No,,,,,,,,,,,,,,,,,,,,,,c26a8fc6-88e2-47a5-8528-ed8bfa575a10,,,,,,,,,,,,,,,,,,,,,,,12/17/2025 4:06:09 PM,ccber_user,12/17/2025 4:06:09 PM,ccber_user,-119.850448764415,34.411045200477
33,California Scrub-Jay,1,No,,,,,,,,,,,,,,,,,,,,,,d83bf073-cca9-4e6d-a801-7cc567b69fcb,,,,,,,,,,,,,,,,,,,,,,,12/17/2025 4:06:53 PM,ccber_user,12/17/2025 4:06:53 PM,ccber_user,-119.850621637107,34.410555549328
34,Great Egret,1,No,,,,,,,,,,,,,,,,,,,,,,791892f6-7706-44c9-8081-7f9e7b56491a,,,,,,,,,,,,,,,,,,,,,,,12/17/2025 4:07:17 PM,ccber_user,12/17/2025 4:07:17 PM,ccber_user,-119.850433608938,34.4104253080163
35,Song Sparrow,1,No,,,,,,,,,,,,,,,,,,,,,,1a828a40-1073-4e6c-8b7b-18800b40b9df,,,,,,,,,,,,,,,,,,,,,,,12/17/2025 4:07:50 PM,ccber_user,12/17/2025 4:07:50 PM,ccber_user,-119.850570939785,34.4105463186959
36,American Crow,1,No,,,,,,,,,,,,,,,,,,,,,,7bd34163-1e94-4327-acf6-d1cc4ea413e5,,,,,Samsung SM-T713,4.23,3.76,34.4100617833333,-119.850436566667,-25.1,1.2,0.9,0.8,1,,,12,12/17/2025 4:09:31 PM,,,,,12/17/2025 4:09:54 PM,ccber_user,12/17/2025 4:09:54 PM,ccber_user,-119.85043656709,34.4100617835627
37,Anna's Hummingbird,1,No,,,,,,,,,,,,,,,,,,,,,,a47f3093-616c-41ba-bd97-c0f8bc82fcc9,,,,,,,,,,,,,,,,,,,,,,,12/17/2025 4:10:26 PM,ccber_user,12/17/2025 4:10:26 PM,ccber_user,-119.850604310401,34.4099808803213
38,Brown Pelican,2,No,,,,,,,,,,,,,,,,,,,,,,e8f15277-4231-4341-b467-9473672ad41a,,,,,,,,,,,,,,,,,,,,,,,12/17/2025 4:11:08 PM,ccber_user,12/17/2025 4:11:08 PM,ccber_user,-119.850011584011,34.4112216921946
39,California Scrub-Jay,1,No,,,,,,,,,,,,,,,,,,,,,,d77890ad-11d7-4a1c-9daa-b49aeba9738d,,,,,,,,,,,,,,,,,,,,,,,12/17/2025 4:11:35 PM,ccber_user,12/17/2025 4:11:35 PM,ccber_user,-119.850605594094,34.4097299258437
40,Great Blue Heron,1,No,,,,,,,,,,,,,,,,,,,,,,2b63a5b5-efdd-4791-a414-4856adc84c68,,,,,,,,,,,,,,,,,,,,,,,12/17/2025 4:12:39 PM,ccber_user,12/17/2025 4:12:39 PM,ccber_user,-119.850430913992,34.4094869562679
41,American Coot,2,No,,,,,,,,,,,,,,,,,,,,,,76423e91-7c77-459a-96a4-5e8519f207a4,,,,,,,,,,,,,,,,,,,,,,,12/17/2025 4:13:15 PM,ccber_user,12/17/2025 4:13:15 PM,ccber_user,-119.850232614486,34.4095479051321
42,Lesser Scaup,4,No,,,,,,,,,,,,,,,,,,,,,,3ad4b1b5-16cc-4801-a182-b532bb78a532,,,,,,,,,,,,,,,,,,,,,,,12/17/2025 4:13:24 PM,ccber_user,12/17/2025 4:13:24 PM,ccber_user,-119.850234559339,34.409132486583
43,American Coot,2,No,,,,,,,,,,,,,,,,,,,,,,2643c08c-ec87-4f88-b908-0d25fa98c6fe,,,,,,,,,,,,,,,,,,,,,,,12/17/2025 4:13:33 PM,ccber_user,12/17/2025 4:13:33 PM,ccber_user,-119.850267608358,34.4091292789673
44,Pied-billed Grebe,1,No,,,,,,,,,,,,,,,,,,,,,,96c0bdec-73b4-4088-8191-39daefc83484,,,,,,,,,,,,,,,,,,,,,,,12/17/2025 4:13:46 PM,ccber_user,12/17/2025 4:13:46 PM,ccber_user,-119.849911253871,34.409259197682
45,American Crow,3,No,,,,,,,,,,,,,,,,,,,,,,9af9b857-df3e-411c-8b5d-e85b00229372,,,,,,,,,,,,,,,,,,,,,,,12/17/2025 4:14:03 PM,ccber_user,12/17/2025 4:14:03 PM,ccber_user,-119.850605215903,34.4100707845002
46,Spotted Sandpiper,1,No,,,,,,,,,,,,,,,,,,,,,,45d424a9-5be7-4213-bf67-7fd272429327,,,,,,,,,,,,,,,,,,,,,,,12/17/2025 4:15:53 PM,ccber_user,12/17/2025 4:15:53 PM,ccber_user,-119.850427974704,34.4091546686358
47,Northern Mockingbird,1,No,,,,,,,,,,,,,,,,,,,,,,5f5ac5ba-41b8-49dd-a86b-6863508896cd,,,,,,,,,,,,,,,,,,,,,,,12/17/2025 4:16:42 PM,ccber_user,12/17/2025 4:16:42 PM,ccber_user,-119.850553850235,34.4092790814575
48,Allen's Hummingbird,1,No,,,,,,,,,,,,,,,,,,,,,,c7dd6903-5016-4066-9e50-fbb82100d986,,,,,,,,,,,,,,,,,,,,,,,12/17/2025 4:17:17 PM,ccber_user,12/17/2025 4:17:17 PM,ccber_user,-119.850751661057,34.4090340820939
49,Ruddy Duck,2,No,,,,,,,,,,,,,,,,,,,,,,1b3a9e01-96c4-4ff8-a387-023bfbe34f91,,,,,,,,,,,,,,,,,,,,,,,12/17/2025 4:19:15 PM,ccber_user,12/17/2025 4:19:15 PM,ccber_user,-119.849611565113,34.4093065232685
50,Eared Grebe,2,No,,,,,,,,,,,,,,,,,,,,,,f427588f-b8c9-4a84-94cb-d0800729aa11,,,,,,,,,,,,,,,,,,,,,,,12/17/2025 4:20:31 PM,ccber_user,12/17/2025 4:29:04 PM,ccber_user,-119.849900581886,34.4081838644433
51,Snowy Egret,1,No,,,,,,,,,,,,,,,,,,,,,,fb936b57-195d-4d09-8fad-7533660e57c5,,,,,Samsung SM-T713,4.7,3.76,34.4081052333333,-119.850230466667,-27.4,1.3,1,0.8,1,,,11,12/17/2025 4:20:51 PM,,,,,12/17/2025 4:21:01 PM,ccber_user,12/17/2025 4:21:01 PM,ccber_user,-119.850230466614,34.4081052332039
52,House Finch,2,No,,,,,,,,,,,,,,,,,,,,,,6f978255-d507-4b8b-bf50-588a56e4adf7,,,,,,,,,,,,,,,,,,,,,,,12/17/2025 4:22:13 PM,ccber_user,12/17/2025 4:22:13 PM,ccber_user,-119.850063794993,34.4075572597201
53,White-crowned Sparrow,1,No,,,,,,,,,,,,,,,,,,,,,,d3c9ccab-8711-4812-9dfb-6f5fcce50463,,,,,,,,,,,,,,,,,,,,,,,12/17/2025 4:22:21 PM,ccber_user,12/17/2025 4:22:21 PM,ccber_user,-119.850061851039,34.4076117946425
54,House Finch,8,No,,,,,,,,,,,,,,,,,,,,,,734fa0a9-43a0-4098-8b55-ff786a8df53f,,,,,,,,,,,,,,,,,,,,,,,12/17/2025 4:23:11 PM,ccber_user,12/17/2025 4:23:11 PM,ccber_user,-119.849937428084,34.407488289468
55,White-crowned Sparrow,2,No,,,,,,,,,,,,,,,,,,,,,,3ab2c136-e296-4d8d-a8f0-7fb23950ab88,,,,,,,,,,,,,,,,,,,,,,,12/17/2025 4:23:26 PM,ccber_user,12/17/2025 4:23:26 PM,ccber_user,-119.850390405363,34.407632646003
56,Black-bellied Plover,1,No,,,,,,,,,,,,,,,,,,,,,,e926a633-4595-40f9-a514-71a81fa70383,,,,,,,,,,,,,,,,,,,,,,,12/17/2025 4:23:36 PM,ccber_user,12/17/2025 4:23:36 PM,ccber_user,-119.850190162801,34.40745139819
57,Semipalmated Plover,2,No,,,,,,,,,,,,,,,,,,,,,,b17501e5-0a27-40a0-b6d3-cfe70d6e983d,,,,,,,,,,,,,,,,,,,,,,,12/17/2025 4:23:44 PM,ccber_user,12/17/2025 4:23:44 PM,ccber_user,-119.850061851039,34.4073792194267
58,Long-billed Curlew,2,No,,,,,,,,,,,,,,,,,,,,,,f9b19923-cbaa-4c08-afab-b99c50317be9,,,,,,,,,,,,,,,,,,,,,,,12/17/2025 4:23:52 PM,ccber_user,12/17/2025 4:23:52 PM,ccber_user,-119.850098788865,34.4074527322529
59,Sanderling,6,No,,,,,,,,,,,,,,,,,,,,,,b34d50c9-5ded-48c5-a1a2-0cfa45f2fcad,,,,,,,,,,,,,,,,,,,,,,,12/17/2025 4:24:01 PM,ccber_user,12/17/2025 4:24:01 PM,ccber_user,-119.84997436591,34.4073468698494
60,Greater Yellowlegs,1,No,,,,,,,,,,,,,,,,,,,,,,61fd50da-59ee-4bf1-9d7f-8cb56e35d8af,,,,,,,,,,,,,,,,,,,,,,,12/17/2025 4:24:33 PM,ccber_user,12/17/2025 4:24:33 PM,ccber_user,-119.850205715333,34.4073998010679
61,Least Sandpiper,9,No,,,,,,,,,,,,,,,,,,,,,,9d96f811-61ee-49c7-a7cd-9fa4cbb388a5,,,,,,,,,,,,,,,,,,,,,,,12/17/2025 4:26:00 PM,ccber_user,12/17/2025 4:26:00 PM,ccber_user,-119.849816659475,34.4072950065909
62,Marbled Godwit,4,No,,,,,,,,,,,,,,,,,,,,,,230fc8eb-ccc6-482e-9fad-1e422fb3c97a,,,,,,,,,,,,,,,,,,,,,,,12/17/2025 4:26:31 PM,ccber_user,12/17/2025 4:26:31 PM,ccber_user,-119.849694180475,34.4072725513027
63,Willet,2,No,,,,,,,,,,,,,,,,,,,,,,513514ff-179f-4b72-9ded-f56785f5ea6e,,,,,,,,,,,,,,,,,,,,,,,12/17/2025 4:26:38 PM,ccber_user,12/17/2025 4:26:38 PM,ccber_user,-119.849727230392,34.4072116000396
64,Red-breasted Merganser,1,No,,,,,,,,,,,,,,,,,,,,,,ebd192a2-d4e9-46d5-b76e-a78d50df44b0,,,,,,,,,,,,,,,,,,,,,,,12/17/2025 4:28:58 PM,ccber_user,12/17/2025 4:28:58 PM,ccber_user,-119.849704873121,34.4080480682947
65,California Towhee,1,No,,,,,,,,,,,,,,,,,,,,,,fcf52832-3921-44c5-8618-1197c8570d95,,,,,,,,,,,,,,,,,,,,,,,12/17/2025 4:31:08 PM,ccber_user,12/17/2025 4:31:08 PM,ccber_user,-119.849601834562,34.4080117887049
66,Mallard,4,No,,,,,,,,,,,,,,,,,,,,,,a9cb33c5-9c69-439e-af7b-0326d4244487,,,,,,,,,,,,,,,,,,,,,,,12/17/2025 4:31:58 PM,ccber_user,12/17/2025 4:31:58 PM,ccber_user,-119.849709026931,34.4084287239987
67,Common Yellowthroat,1,No,,,,,,,,,,,,,,,,,,,,,,1ac2835b-77b0-47c2-8c76-c9d6bc2d8357,,,,,,,,,,,,,,,,,,,,,,,12/17/2025 4:32:20 PM,ccber_user,12/17/2025 4:32:20 PM,ccber_user,-119.849184117056,34.4080999132989
68,White-crowned Sparrow,1,No,,,,,,,,,,,,,,,,,,,,,,54bb7861-cbb3-4e40-9819-a36dcc7ece67,,,,,,,,,,,,,,,,,,,,,,,12/17/2025 4:32:53 PM,ccber_user,12/17/2025 4:32:53 PM,ccber_user,-119.849193837726,34.4084110804799
69,Yellow-rumped Warbler,1,No,,,,,,,,,,,,,,,,,,,,,,4b2d8613-777f-4334-9fe8-003bc387a327,,,,,,,,,,,,,,,,,,,,,,,12/17/2025 4:33:46 PM,ccber_user,12/17/2025 4:33:46 PM,ccber_user,-119.849236608313,34.4084944858353
70,House Finch,1,No,,,,,,,,,,,,,,,,,,,,,,9fcbc330-4ae0-4488-896f-2ccce4694585,,,,,,,,,,,,,,,,,,,,,,,12/17/2025 4:34:00 PM,ccber_user,12/17/2025 4:34:00 PM,ccber_user,-119.849248272937,34.408534584292
71,California Towhee,2,No,,,,,,,,,,,,,,,,,,,,,,d39ec378-3b26-4548-8b7a-788531ee2c85,,,,,Samsung SM-T713,3.29,3.29,34.4087851166667,-119.849206433333,-20.9,0.9,0.7,0.7,1,,,15,12/17/2025 4:35:03 PM,,,,,12/17/2025 4:35:12 PM,ccber_user,12/17/2025 4:35:44 PM,ccber_user,-119.849206433005,34.4087851169446
72,Great Egret,4,No,,,,,,,,,,,,,,,,,,,,,,f1dff90a-4ffa-4180-bb81-9bf11bae30fe,,,,,,,,,,,,,,,,,,,,,,,12/17/2025 4:35:58 PM,ccber_user,12/17/2025 4:58:05 PM,ccber_user,-119.848529312588,34.4091070939433
73,Snowy Egret,1,No,,,,,,,,,,,,,,,,,,,,,,fce1bd00-83de-4854-90f6-4f43b372c973,,,,,,,,,,,,,,,,,,,,,,,12/17/2025 4:36:06 PM,ccber_user,12/17/2025 4:58:10 PM,ccber_user,-119.848473689804,34.4090126137195
74,California Scrub-Jay,1,No,,,,,,,,,,,,,,,,,,,,,,2478e962-156b-46ec-82af-da33888284cc,,,,,,,,,,,,,,,,,,,,,,,12/17/2025 4:36:13 PM,ccber_user,12/17/2025 4:58:16 PM,ccber_user,-119.848509680806,34.4090396079742
75,Anna's Hummingbird,6,No,,,,,,,,,,,,,,,,,,,,,,64f76588-3f76-4ed5-ac88-e4da7fca0d62,,,,,,,,,,,,,,,,,,,,,,,12/17/2025 4:36:40 PM,ccber_user,12/17/2025 4:36:40 PM,ccber_user,-119.849277805951,34.4088576902602
76,Allen's Hummingbird,3,No,,,,,,,,,,,,,,,,,,,,,,c160a7b1-ea28-4425-9cab-ff66d82a9e06,,,,,,,,,,,,,,,,,,,,,,,12/17/2025 4:36:48 PM,ccber_user,12/17/2025 4:36:48 PM,ccber_user,-119.849250587896,34.4089170357709
77,Orange-crowned Warbler,1,No,,,,,,,,,,,,,,,,,,,,,,08d79ef2-4908-4ae6-8e0c-eede9e0a8c9f,,,,,,,,,,,,,,,,,,,,,,,12/17/2025 4:37:28 PM,ccber_user,12/17/2025 4:37:28 PM,ccber_user,-119.84928752662,34.4089282631951
78,White-crowned Sparrow,1,No,,,,,,,,,,,,,,,,,,,,,,595b2f45-8ae7-4b72-afe3-2254033e25c4,,,,,,,,,,,,,,,,,,,,,,,12/17/2025 4:37:48 PM,ccber_user,12/17/2025 4:37:48 PM,ccber_user,-119.84929724729,34.4088584921668
79,Downy Woodpecker,1,No,,,,,,,,,,,,,,,,,,,,,,90fe3167-eb22-421c-8a6f-ec83eaa8a64e,,,,,,,,,,,,,,,,,,,,,,,12/17/2025 4:37:55 PM,ccber_user,12/17/2025 4:38:35 PM,ccber_user,-119.849264197372,34.4089627481051
80,House Finch,6,No,,,,,,,,,,,,,,,,,,,,,,0bcae871-7aad-43c4-b183-1bfdc83b721c,,,,,,,,,,,,,,,,,,,,,,,12/17/2025 4:38:03 PM,ccber_user,12/17/2025 4:39:24 PM,ccber_user,-119.849260049851,34.4088859726547
81,Orange-crowned Warbler,1,No,,,,,,,,,,,,,,,,,,,,,,6bc5846b-fe78-44cb-b65c-57c8a5812ca2,,,,,,,,,,,,,,,,,,,,,,,12/17/2025 4:40:28 PM,ccber_user,12/17/2025 4:40:28 PM,ccber_user,-119.849184229346,34.409055989954
82,Snowy Egret,9,No,,,,,,,,,,,,,,,,,,,,,,160fd9b6-a1b6-4423-99fe-c3e38ef612d4,,,,,,,,,,,,,,,,,,,,,,,12/17/2025 4:40:40 PM,ccber_user,12/17/2025 4:40:40 PM,ccber_user,-119.848993706555,34.4090976926911
83,Belted Kingfisher,1,No,,,,,,,,,,,,,,,,,,,,,,f7cee7ef-8c26-4e17-871f-fbeee4e35300,,,,,,,,,,,,,,,,,,,,,,,12/17/2025 4:40:50 PM,ccber_user,12/17/2025 4:40:50 PM,ccber_user,-119.849561387018,34.4094409344285
84,Common Yellowthroat,1,No,,,,,,,,,,,,,,,,,,,,,,d0c58405-b1f8-474c-bcfe-0042f941edbf,,,,,,,,,,,,,,,,,,,,,,,12/17/2025 4:40:58 PM,ccber_user,12/17/2025 4:40:58 PM,ccber_user,-119.849170620768,34.4091185436813
85,Yellow-rumped Warbler,1,No,,,,,,,,,,,,,,,,,,,,,,0c58528e-345a-4d9f-b2c3-a360b0fd1091,,,,,,,,,,,,,,,,,,,,,,,12/17/2025 4:41:10 PM,ccber_user,12/17/2025 4:41:10 PM,ccber_user,-119.8492828985,34.4091337902328
86,House Finch,4,No,,,,,,,,,,,,,,,,,,,,,,cbc866a5-090c-48f7-9daf-7b820f1f5a35,,,,,,,,,,,,,,,,,,,,,,,12/17/2025 4:41:51 PM,ccber_user,12/17/2025 4:41:51 PM,ccber_user,-119.849184640774,34.4092052315396
87,White-crowned Sparrow,2,No,,,,,,,,,,,,,,,,,,,,,,e2f51cf7-5b2c-49d0-9282-e604dfa461b8,,,,,,,,,,,,,,,,,,,,,,,12/17/2025 4:42:01 PM,ccber_user,12/17/2025 4:42:08 PM,ccber_user,-119.849203892569,34.4092578621656
88,Spotted Towhee,1,No,,,,,,,,,,,,,,,,,,,,,,f8241c34-8c5d-4315-8577-c0158e41cec1,,,,,,,,,,,,,,,,,,,,,,,12/17/2025 4:42:40 PM,ccber_user,12/17/2025 4:42:40 PM,ccber_user,-119.849182568361,34.4093745085432
89,Yellow-rumped Warbler,2,No,,,,,,,,,,,,,,,,,,,,,,f67a5a55-b5b8-446a-a9ad-0adc6872424d,,,,,Samsung SM-T713,3.29,3.29,34.4093319,-119.84928125,-21.1,1,0.7,0.7,1,,,14,12/17/2025 4:43:01 PM,,,,,12/17/2025 4:43:11 PM,ccber_user,12/17/2025 4:43:11 PM,ccber_user,-119.849281250091,34.4093319002839
90,Wrentit,1,No,,,,,,,,,,,,,,,,,,,,,,c444fde9-8a20-4eb0-a959-f980119df3b2,,,,,,,,,,,,,,,,,,,,,,,12/17/2025 4:43:26 PM,ccber_user,12/17/2025 4:43:26 PM,ccber_user,-119.850475759688,34.4094172805702
91,Allen's Hummingbird,1,No,,,,,,,,,,,,,,,,,,,,,,0dfeb27c-6124-4109-b3b1-ef0b75b505ed,,,,,,,,,,,,,,,,,,,,,,,12/17/2025 4:44:17 PM,ccber_user,12/17/2025 4:44:17 PM,ccber_user,-119.849335476894,34.4095524371265
92,Anna's Hummingbird,1,No,,,,,,,,,,,,,,,,,,,,,,e478aeca-1531-4791-98ef-0f3106a7bc56,,,,,,,,,,,,,,,,,,,,,,,12/17/2025 4:44:24 PM,ccber_user,12/17/2025 4:44:24 PM,ccber_user,-119.849349643326,34.4094975536569
93,Cassin's Kingbird,1,No,,,,,,,,,,,,,,,,,,,,,,65b23321-76a5-4b24-9cd3-3bed1d1678eb,,,,,,,,,,,,,,,,,,,,,,,12/17/2025 4:44:31 PM,ccber_user,12/17/2025 4:44:31 PM,ccber_user,-119.849529386332,34.4100269085338
94,Song Sparrow,1,No,,,,,,,,,,,,,,,,,,,,,,6bb655dd-ee80-42a3-8825-7ab585a55a68,,,,,,,,,,,,,,,,,,,,,,,12/17/2025 4:44:40 PM,ccber_user,12/17/2025 4:44:40 PM,ccber_user,-119.849419770308,34.4096348756557
95,White-crowned Sparrow,1,No,,,,,,,,,,,,,,,,,,,,,,b5de68fa-8e32-4b3c-abbb-1bf5d872f21d,,,,,,,,,,,,,,,,,,,,,,,12/17/2025 4:44:48 PM,ccber_user,12/17/2025 4:44:48 PM,ccber_user,-119.849360075461,34.4095297289786
96,Bufflehead,1,No,,,,,,,,,,,,,,,,,,,,,,41276a48-6747-47eb-afa4-98aea4a9d5ec,,,,,,,,,,,,,,,,,,,,,,,12/17/2025 4:45:04 PM,ccber_user,12/17/2025 4:45:04 PM,ccber_user,-119.850296256531,34.410971091987
97,Belted Kingfisher,1,No,,,,,,,,,,,,,,,,,,,,,,2df5e5a3-c6f7-4098-beb3-ced0fed65647,,,,,,,,,,,,,,,,,,,,,,,12/17/2025 4:45:51 PM,ccber_user,12/17/2025 4:45:51 PM,ccber_user,-119.850717234022,34.4091417781439
98,Song Sparrow,1,No,,,,,,,,,,,,,,,,,,,,,,88e1b49e-4b9c-47e8-83b9-6c6a706f23d2,,,,,,,,,,,,,,,,,,,,,,,12/17/2025 4:47:18 PM,ccber_user,12/17/2025 4:47:18 PM,ccber_user,-119.849458452663,34.4101432092171
99,Surf Scoter,5,No,,,,,,,,,,,,,,,,,,,,,,19a67441-c769-4a84-bfc7-c2b12bbb3976,,,,,,,,,,,,,,,,,,,,,,,12/17/2025 4:49:28 PM,ccber_user,12/17/2025 4:49:28 PM,ccber_user,-119.848703301885,34.410501597362
100,Hooded Merganser,2,Yes,,,,,,,,,,,,,,,,,,,,,,73e51f92-9daa-4479-becb-74ca825c918e,,,,,,,,,,,,,,,,,,,,,,,12/17/2025 4:49:52 PM,ccber_user,12/17/2025 4:50:15 PM,ccber_user,-119.848509967368,34.4107129664664
101,Double-crested Cormorant,60,Yes,,,,,,,,,,,,,,,,,,,,,,b05b7c7a-ca71-4400-82b6-f160eb48d1ff,,,,,,,,,,,,,,,,,,,,,,,12/17/2025 4:50:08 PM,ccber_user,12/17/2025 4:50:08 PM,ccber_user,-119.848598148691,34.4106647938372
102,Red-breasted Merganser,2,Yes,,,,,,,,,,,,,,,,,,,,,,2baeca56-d9ed-46b8-b433-72e4ea4b6437,,,,,,,,,,,,,,,,,,,,,,,12/17/2025 4:51:01 PM,ccber_user,12/17/2025 4:51:01 PM,ccber_user,-119.848552866415,34.4107178822964
103,Snowy Egret,30,Yes,,,,,,,,,,,,,,,,,,,,,,854abdd2-c622-40e5-a2ec-3d17ba017e62,,,,,,,,,,,,,,,,,,,,,,,12/17/2025 4:51:16 PM,ccber_user,12/17/2025 4:51:16 PM,ccber_user,-119.848177489203,34.4107999580123
104,Anna's Hummingbird,1,No,,,,,,,,,,,,,,,,,,,,,,5e828c26-c084-438f-8b55-b5fcd59a3437,,,,,Samsung SM-T713,3.29,3.29,34.4099508333333,-119.848952433333,-20.8,1,0.7,0.7,1,,,14,12/17/2025 4:51:36 PM,,,,,12/17/2025 4:51:47 PM,ccber_user,12/17/2025 4:51:47 PM,ccber_user,-119.84895243346,34.409950833681
105,Yellow-rumped Warbler,2,No,,,,,,,,,,,,,,,,,,,,,,2e825688-6a65-4187-8f71-5bf8a27a415f,,,,,Samsung SM-T713,3.29,3.29,34.4096718666667,-119.8488888,-19.4,1,0.7,0.7,1,,,14,12/17/2025 4:52:18 PM,,,,,12/17/2025 4:52:27 PM,ccber_user,12/17/2025 4:52:27 PM,ccber_user,-119.848888800398,34.409671866764
106,Anna's Hummingbird,2,No,,,,,,,,,,,,,,,,,,,,,,094b25e1-6fec-4989-a317-dd2b0ae709cc,,,,,Samsung SM-T713,3.29,3.29,34.4093389833333,-119.848758816667,-17.8,1,0.7,0.7,1,,,13,12/17/2025 4:53:29 PM,,,,,12/17/2025 4:53:37 PM,ccber_user,12/17/2025 4:53:37 PM,ccber_user,-119.848758816872,34.4093389832573
107,Great Blue Heron,1,No,,,,,,,,,,,,,,,,,,,,,,9a36180b-c5e6-4798-aeaf-5f2ee2346121,,,,,,,,,,,,,,,,,,,,,,,12/17/2025 4:55:06 PM,ccber_user,12/17/2025 4:55:06 PM,ccber_user,-119.848452185932,34.4090980906787
108,Oak Titmouse,1,No,,,,,,,,,,,,,,,,,,,,,,d81fa83f-ee0d-4f80-a20f-cbc51c1f8cfe,,,,,,,,,,,,,,,,,,,,,,,12/17/2025 4:55:17 PM,ccber_user,12/17/2025 4:55:17 PM,ccber_user,-119.848422558596,34.408843178122
109,California Towhee,2,No,,,,,,,,,,,,,,,,,,,,,,dab14779-0c75-481d-8389-8507c1012d6f,,,,,,,,,,,,,,,,,,,,,,,12/17/2025 4:55:44 PM,ccber_user,12/17/2025 4:55:44 PM,ccber_user,-119.848585511192,34.4087628629038
110,California Scrub-Jay,1,No,,,,,,,,,,,,,,,,,,,,,,8c2da343-28d4-4e3c-b216-f03209247eb7,,,,,,,,,,,,,,,,,,,,,,,12/17/2025 4:57:00 PM,ccber_user,12/17/2025 4:57:00 PM,ccber_user,-119.848092061217,34.4081127520716
111,Allen's Hummingbird,1,No,,,,,,,,,,,,,,,,,,,,,,93864402-fc36-4c2d-9fdf-a188f8a1a5d3,,,,,Samsung SM-T713,3.29,3.29,34.4084141666667,-119.84822515,-24.9,1,0.7,0.7,1,,,14,12/17/2025 4:57:26 PM,,,,,12/17/2025 4:57:34 PM,ccber_user,12/17/2025 4:57:34 PM,ccber_user,-119.848225150219,34.4084141665766
112,Yellow-rumped Warbler,2,No,,,,,,,,,,,,,,,,,,,,,,800f2f9c-fe39-40f5-b53e-f2410cf86464,,,,,,,,,,,,,,,,,,,,,,,12/17/2025 4:57:52 PM,ccber_user,12/17/2025 4:57:52 PM,ccber_user,-119.847927510518,34.4082937338652
113,Anna's Hummingbird,2,No,,,,,,,,,,,,,,,,,,,,,,84b40aeb-1755-41ab-8796-e45edf4ed96b,,,,,,,,,,,,,,,,,,,,,,,12/17/2025 4:58:53 PM,ccber_user,12/17/2025 4:58:53 PM,ccber_user,-119.847888011595,34.4081595876721
114,California Towhee,2,No,,,,,,,,,,,,,,,,,,,,,,91319f0e-688f-4c7f-82fc-f9249eea33a0,,,,,Samsung SM-T713,3.29,3.29,34.40824015,-119.8479278,-21,1,0.7,0.7,1,,,14,12/17/2025 4:58:57 PM,,,,,12/17/2025 4:59:06 PM,ccber_user,12/17/2025 4:59:06 PM,ccber_user,-119.847927799775,34.4082401502688
115,Spotted Towhee,1,No,,,,,,,,,,,,,,,,,,,,,,54cbfe73-d10c-4221-8c83-2b62addc2c02,,,,,,,,,,,,,,,,,,,,,,,12/17/2025 4:59:21 PM,ccber_user,12/17/2025 4:59:21 PM,ccber_user,-119.848272465384,34.408178484511
116,American Wigeon,5,No,,,,,,,,,,,,,,,,,,,,,,478c3b6c-3895-484b-9c78-39b474d76082,,,,,,,,,,,,,,,,,,,,,,,12/17/2025 5:00:25 PM,ccber_user,12/17/2025 5:00:25 PM,ccber_user,-119.84763116439,34.4084648796377
117,Ruddy Duck,6,No,,,,,,,,,,,,,,,,,,,,,,3a6a57a0-580f-46c9-b41b-eb7acb2e02d3,,,,,,,,,,,,,,,,,,,,,,,12/17/2025 5:00:33 PM,ccber_user,12/17/2025 5:00:33 PM,ccber_user,-119.847650796173,34.408459481195
118,California Towhee,1,No,,,,,,,,,,,,,,,,,,,,,,8eb0ffd4-59a7-4ec2-b756-ef1b57f53413,,,,,Samsung SM-T713,3.76,3.76,34.4079426666667,-119.846932483333,-29.5,1.1,0.8,0.8,1,,,12,12/17/2025 5:03:54 PM,,,,,12/17/2025 5:04:03 PM,ccber_user,12/17/2025 5:04:03 PM,ccber_user,-119.846932483508,34.4079426668936
119,Allen's Hummingbird,1,No,,,,,,,,,,,,,,,,,,,,,,46010257-97d5-45fa-bb7d-838cb37a583f,,,,,Samsung SM-T713,4.23,4.23,34.40792145,-119.846843966667,-32.3,1.2,0.9,0.9,1,,,10,12/17/2025 5:04:46 PM,,,,,12/17/2025 5:04:54 PM,ccber_user,12/17/2025 5:04:54 PM,ccber_user,-119.846843967114,34.4079214502273
120,Yellow-rumped Warbler,2,No,,,,,,,,,,,,,,,,,,,,,,03ea1591-9f4c-4c11-b522-b947475d68f6,,,,,Samsung SM-T713,3.76,3.76,34.40772705,-119.846523433333,-27.1,1.1,0.8,0.8,1,,,12,12/17/2025 5:05:41 PM,,,,,12/17/2025 5:05:51 PM,ccber_user,12/17/2025 5:05:51 PM,ccber_user,-119.846523432949,34.4077270499654
121,California Gull,1,No,,,,,,,,,,,,,,,,,,,,,,6247c3dc-837d-47bb-a7f8-6d59587077af,,,,,,,,,,,,,,,,,,,,,,,12/17/2025 5:07:02 PM,ccber_user,12/17/2025 5:07:02 PM,ccber_user,-119.845684746935,34.4085450706311
122,Bufflehead,1,No,,,,,,,,,,,,,,,,,,,,,,af5f9d33-bba3-498b-b1d3-8ae96b33c371,,,,,,,,,,,,,,,,,,,,,,,12/17/2025 5:07:09 PM,ccber_user,12/17/2025 5:07:09 PM,ccber_user,-119.845400087889,34.4086746441429
123,Great Blue Heron,1,No,,,,,,,,,,,,,,,,,,,,,,be4d2fdb-1890-4100-a8f9-59a984137472,,,,,,,,,,,,,,,,,,,,,,,12/17/2025 5:07:18 PM,ccber_user,12/17/2025 5:07:18 PM,ccber_user,-119.845629123253,34.408750228043
124,Double-crested Cormorant,6,No,,,,,,,,,,,,,,,,,,,,,,462d7162-8e30-4a84-94dd-1d82cc500e2e,,,,,,,,,,,,,,,,,,,,,,,12/17/2025 5:07:28 PM,ccber_user,12/17/2025 5:08:10 PM,ccber_user,-119.845638939144,34.4087124361015
125,Great Egret,1,No,,,,,,,,,,,,,,,,,,,,,,5b2f40b4-21a1-4aa8-acb8-58763c7ea6a4,,,,,,,,,,,,,,,,,,,,,,,12/17/2025 5:08:18 PM,ccber_user,12/17/2025 5:08:18 PM,ccber_user,-119.845674931044,34.4087799223346
126,Ruby-crowned Kinglet,1,No,,,,,,,,,,,,,,,,,,,,,,715c3806-bd4b-452e-a9e1-0c9c8394631a,,,,,,,,,,,,,,,,,,,,,,,12/17/2025 5:08:26 PM,ccber_user,12/17/2025 5:08:26 PM,ccber_user,-119.846230390825,34.4076366911694
127,Snowy Egret,3,No,,,,,,,,,,,,,,,,,,,,,,8d1d824c-7f1e-4ab7-9db0-01f01c63ff57,,,,,,,,,,,,,,,,,,,,,,,12/17/2025 5:09:46 PM,ccber_user,12/17/2025 5:09:46 PM,ccber_user,-119.846204028865,34.4072264622828
128,Greater Yellowlegs,1,No,,,,,,,,,,,,,,,,,,,,,,ba69b9b1-b2ed-479f-a6c6-20db3ae759b0,,,,,,,,,,,,,,,,,,,,,,,12/17/2025 5:09:56 PM,ccber_user,12/17/2025 5:09:56 PM,ccber_user,-119.846331634551,34.4071643740642
129,American Wigeon,2,No,,,,,,,,,,,,,,,,,,,,,,daeb91b9-c64e-4f88-9769-81ebfab10dfb,,,,,,,,,,,,,,,,,,,,,,,12/17/2025 5:10:23 PM,ccber_user,12/17/2025 5:10:23 PM,ccber_user,-119.845901712534,34.4073074467498
130,Anna's Hummingbird,1,No,,,,,,,,,,,,,,,,,,,,,,83349f04-ca2e-4d06-8905-6a0f9aedfd64,,,,,,,,,,,,,,,,,,,,,,,12/17/2025 5:10:32 PM,ccber_user,12/17/2025 5:10:32 PM,ccber_user,-119.846078396777,34.4075989913679
131,Yellow-rumped Warbler,2,No,,,,,,,,,,,,,,,,,,,,,,a8ccc108-4113-40f8-a395-5fd9de3115f8,,,,,,,,,,,,,,,,,,,,,,,12/17/2025 5:11:29 PM,ccber_user,12/17/2025 5:11:29 PM,ccber_user,-119.846702159961,34.407204865967
132,Anna's Hummingbird,2,No,,,,,,,,,,,,,,,,,,,,,,9288762f-79d4-47ab-9e36-9b67b9934511,,,,,,,,,,,,,,,,,,,,,,,12/17/2025 5:11:35 PM,ccber_user,12/17/2025 5:11:35 PM,ccber_user,-119.846653080506,34.4071805711241
133,Bufflehead,9,No,,,,,,,,,,,,,,,,,,,,,,68aaa5af-ba23-4b36-8fec-69b05c1f37e6,,,,,,,,,,,,,,,,,,,,,,,12/17/2025 5:12:24 PM,ccber_user,12/17/2025 5:12:24 PM,ccber_user,-119.845700945356,34.4069241185422
134,Western Grebe,3,No,,,,,,,,,,,,,,,,,,,,,,7c54f783-b7b1-405e-bf4b-99a880d51a02,,,,,,,,,,,,,,,,,,,,,,,12/17/2025 5:12:45 PM,ccber_user,12/17/2025 5:12:45 PM,ccber_user,-119.846127934374,34.4066784637727
135,Song Sparrow,2,No,,,,,,,,,,,,,,,,,,,,,,7f644cba-a8c9-4b92-a91f-8daf5c1732cc,,,,,,,,,,,,,,,,,,,,,,,12/17/2025 5:13:30 PM,ccber_user,12/17/2025 5:13:30 PM,ccber_user,-119.846864121715,34.4073803333702
136,Anna's Hummingbird,2,No,,,,,,,,,,,,,,,,,,,,,,9f4bf7be-f2d4-4441-8f5f-86c545a047c8,,,,,,,,,,,,,,,,,,,,,,,12/17/2025 5:14:26 PM,ccber_user,12/17/2025 5:15:17 PM,ccber_user,-119.847256754665,34.4072561563742
137,Great Egret,1,No,,,,,,,,,,,,,,,,,,,,,,7a46a7db-b43f-4d51-851f-0190367e4080,,,,,,,,,,,,,,,,,,,,,,,12/17/2025 5:14:51 PM,ccber_user,12/17/2025 5:14:51 PM,ccber_user,-119.846687436574,34.406832335868
138,Anna's Hummingbird,1,No,,,,,,,,,,,,,,,,,,,,,,ef1c2994-e6e3-44b6-b54e-7c4980d11e1c,,,,,,,,,,,,,,,,,,,,,,,12/17/2025 5:15:42 PM,ccber_user,12/17/2025 5:15:42 PM,ccber_user,-119.847519475054,34.4070032007698
139,Cassin's Kingbird,1,No,,,,,,,,,,,,,,,,,,,,,,6e50b00f-8421-4800-8e09-f708938cfe5a,,,,,,,,,,,,,,,,,,,,,,,12/17/2025 5:16:50 PM,ccber_user,12/17/2025 5:16:50 PM,ccber_user,-119.848006994352,34.4070571905674
140,Say's Phoebe,1,No,,,,,,,,,,,,,,,,,,,,,,1c692a28-66d9-4f2c-9b2b-ee08b6443cd3,,,,,,,,,,,,,,,,,,,,,,,12/17/2025 5:17:40 PM,ccber_user,12/17/2025 5:17:40 PM,ccber_user,-119.848200039612,34.4067251519457
141,Western Gull,1,No,,,,,,,,,,,,,,,,,,,,,,37546965-a593-46e1-a5d9-3b2027cef888,,,,,Samsung SM-T713,3.76,3.29,34.4067565166667,-119.8483713,-23.2,1,0.8,0.7,1,,,13,12/17/2025 5:19:04 PM,,,,,12/17/2025 5:19:12 PM,ccber_user,12/17/2025 5:19:12 PM,ccber_user,-119.848371299828,34.4067565167721
142,Willet,9,No,,,,,,,,,,,,,,,,,,,,,,8943c2c3-f145-42ad-b20f-4c6085092c08,,,,,,,,,,,,,,,,,,,,,,,12/17/2025 5:20:14 PM,ccber_user,12/17/2025 5:20:14 PM,ccber_user,-119.848798805376,34.4067143533532
143,Long-billed Curlew,1,No,,,,,,,,,,,,,,,,,,,,,,26905a72-509b-4cfc-8d51-a2f52fdcf543,,,,,,,,,,,,,,,,,,,,,,,12/17/2025 5:20:21 PM,ccber_user,12/17/2025 5:20:21 PM,ccber_user,-119.848860972387,34.4067089547976
144,House Finch,2,No,,,,,,,,,,,,,,,,,,,,,,fbebee3e-f153-465d-bf03-23fc3894573b,,,,,Samsung SM-T713,3.76,3.29,34.4076011833333,-119.84859675,-18,1,0.8,0.7,1,,,13,12/17/2025 5:25:44 PM,,,,,12/17/2025 5:25:52 PM,ccber_user,12/17/2025 5:25:52 PM,ccber_user,-119.848596750015,34.407601183674
145,California Towhee,1,No,,,,,,,,,,,,,,,,,,,,,,cf8f377f-1d72-45ce-b440-caba12756700,,,,,Samsung SM-T713,4.23,3.29,34.4076472166667,-119.84864565,-18.2,1.1,0.9,0.7,1,,,12,12/17/2025 5:33:25 PM,,,,,12/17/2025 5:33:33 PM,ccber_user,12/17/2025 5:33:33 PM,ccber_user,-119.848645649807,34.4076472169017
146,Anna's Hummingbird,1,No,,,,,,,,,,,,,,,,,,,,,,394143b0-aa6c-46e4-8227-9a6c9dcffa40,,,,,,,,,,,,,,,,,,,,,,,12/17/2025 5:33:41 PM,ccber_user,12/17/2025 5:33:41 PM,ccber_user,-119.848859151502,34.4077421870812
147,Bewick's Wren,1,No,,,,,,,,,,,,,,,,,,,,,,04fdda12-a666-408a-9161-aaab76d7337c,,,,,,,,,,,,,,,,,,,,,,,12/17/2025 5:34:15 PM,ccber_user,12/17/2025 5:34:15 PM,ccber_user,-119.848617027685,34.4080607240135
148,Double-crested Cormorant,140,No,,,,,,,,10:00,,,,,,,62,0,Clear,,,,,449c9e01-a689-4c2a-ba09-35102a991f03,,,,,,,,,,,,,,,,,,,,,,,12/17/2025 6:02:04 PM,ccber_user,12/17/2025 6:02:04 PM,ccber_user,-119.850042957672,34.4112198082862
149,Snowy Egret,18,No,,,,,,,,,,,,,,,,,,,,,,a9149b76-4869-44c4-9804-df2aa3dd7e60,,,,,,,,,,,,,,,,,,,,,,,12/17/2025 3:48:48 PM,ccber_user,12/17/2025 3:48:48 PM,ccber_user,-119.84884465988,34.4102554172674
150,Snowy Egret,7,No,,,,,,,,,,,,,,,,,,,,,,5f203761-9b74-43e9-8e12-2ba3a4da8eb9,,,,,,,,,,,,,,,,,,,,,,,12/17/2025 3:49:02 PM,ccber_user,12/17/2025 3:49:02 PM,ccber_user,-119.848498738427,34.4090823201407
151,Mallard,8,No,,,,,,,,,,,,,,,,,,,,,,04604b47-700d-41f1-9bc4-e3c0a0a77fd0,,,,,,,,,,,,,,,,,,,,,,,12/17/2025 3:49:46 PM,ccber_user,12/17/2025 3:49:59 PM,ccber_user,-119.84855345032,34.4107892725955
152,Black-necked Stilt,3,No,,,,,,,,,,,,,,,,,,,,,,4c92ab1e-46f8-4997-bab1-c74cd3a85ef4,,,,,,,,,,,,,,,,,,,,,,,12/17/2025 3:52:13 PM,ccber_user,12/17/2025 3:52:13 PM,ccber_user,-119.847880162116,34.4108347993687
153,Killdeer,1,No,,,,,,,,,,,,,,,,,,,,,,bbbc209b-9baa-49f7-9de6-cc986d2d6c1f,,,,,,,,,,,,,,,,,,,,,,,12/17/2025 3:52:25 PM,ccber_user,12/17/2025 3:52:25 PM,ccber_user,-119.847924376296,34.4106422823874
154,Long-billed Dowitcher,26,No,,,,,,,,,,,,,,,,,,,,,,e7b740c4-d82e-42d0-bbc3-187514f20b67,,,,,,,,,,,,,,,,,,,,,,,12/17/2025 3:52:44 PM,ccber_user,12/17/2025 3:52:44 PM,ccber_user,-119.847838404828,34.4104882683352
155,American Coot,1,No,,,,,,,,,,,,,,,,,,,,,,92d1a8e4-07e1-457d-9e6a-7e60c99b0e37,,,,,,,,,,,,,,,,,,,,,,,12/17/2025 3:52:58 PM,ccber_user,12/17/2025 3:52:58 PM,ccber_user,-119.848430381126,34.4106990238282
156,Bufflehead,1,No,,,,,,,,,,,,,,,,,,,,,,4d410f81-1d93-45b7-9308-2f46eaeddc13,,,,,,,,,,,,,,,,,,,,,,,12/17/2025 3:53:10 PM,ccber_user,12/17/2025 3:53:10 PM,ccber_user,-119.84874602037,34.4106118846948
157,Song Sparrow,1,No,,,,,,,,,,,,,,,,,,,,,,7aee8963-a298-4ea2-a36c-06f98a5c459d,,,,,,,,,,,,,,,,,,,,,,,12/17/2025 3:53:27 PM,ccber_user,12/17/2025 3:53:27 PM,ccber_user,-119.847650495237,34.4108236537232
158,Killdeer,1,No,,,,,,,,,,,,,,,,,,,,,,07fb6e50-8d69-442b-8b1e-80dbba0f51f5,,,,,,,,,,,,,,,,,,,,,,,12/17/2025 3:54:19 PM,ccber_user,12/17/2025 3:54:19 PM,ccber_user,-119.848014032653,34.4106078315201
159,Red-tailed Hawk,1,No,,,,,,,,,,,,,,,,,,,,,,350371cc-fce9-4bb4-91bf-00417e32320b,,,,,,,,,,,,,,,,,,,,,,,12/17/2025 3:54:52 PM,ccber_user,12/17/2025 3:54:52 PM,ccber_user,-119.847383446764,34.4096468248409
160,Cassin's Kingbird,1,No,,,,,,,,,,,,,,,,,,,,,,311ab17c-ca90-485a-bae1-7b29f92d5343,,,,,,,,,,,,,,,,,,,,,,,12/17/2025 3:55:04 PM,ccber_user,12/17/2025 3:55:04 PM,ccber_user,-119.847500742486,34.4099977831266
161,Song Sparrow,1,No,,,,,,,,,,,,,,,,,,,,,,a2a20dbf-111b-49f8-80a6-91621e3c4925,,,,,,,,,,,,,,,,,,,,,,,12/17/2025 3:55:39 PM,ccber_user,12/17/2025 3:55:39 PM,ccber_user,-119.847476949707,34.4102066974269
162,Forster's Tern,2,No,,,,,,,,,,,,,,,,,,,,,,2547d089-853e-4ad3-9fb1-047a38215c1c,,,,,,,,,,,,,,,,,,,,,,,12/17/2025 3:57:14 PM,ccber_user,12/17/2025 3:57:14 PM,ccber_user,-119.848374051367,34.4098985718298
163,Anna's Hummingbird,2,No,,,,,,,,,,,,,,,,,,,,,,8b754801-89d6-486a-a531-341aab09d66d,,,,,,,,,,,,,,,,,,,,,,,12/17/2025 3:58:00 PM,ccber_user,12/17/2025 3:58:00 PM,ccber_user,-119.847429717188,34.4104756863545
164,Common Yellowthroat,1,No,,,,,,,,,,,,,,,,,,,,,,a4add12a-4d0c-4f84-9728-9df90f883595,,,,,,,,,,,,,,,,,,,,,,,12/17/2025 3:58:37 PM,ccber_user,12/17/2025 3:58:37 PM,ccber_user,-119.847604480833,34.4104801790193
165,White-crowned Sparrow,1,No,,,,,,,,,,,,,,,,,,,,,,56ccab5b-48cf-4fb9-9560-a87f5ac27d86,,,,,,,,,,,,,,,,,,,,,,,12/17/2025 3:58:47 PM,ccber_user,12/17/2025 3:58:47 PM,ccber_user,-119.847662203878,34.4102653697836
166,House Finch,1,No,,,,,,,,,,,,,,,,,,,,,,be60df98-1d48-4339-8e62-2066a6c52cdc,,,,,,,,,,,,,,,,,,,,,,,12/17/2025 3:58:57 PM,ccber_user,12/17/2025 3:58:57 PM,ccber_user,-119.847567635533,34.4101336472578
167,Hooded Merganser,2,No,,,,,,,,,,,,,,,,,,,,,,63d34a56-b232-4f2a-a052-db7c49b32f98,,,,,,,,,,,,,,,,,,,,,,,12/17/2025 4:00:13 PM,ccber_user,12/17/2025 4:00:13 PM,ccber_user,-119.847851342365,34.4106078485658
168,Least Sandpiper,3,No,,,,,,,,,,,,,,,,,,,,,,7350e39a-2ae2-4566-9bc5-a71799f96955,,,,,,,,,,,,,,,,,,,,,,,12/17/2025 4:01:04 PM,ccber_user,12/17/2025 4:01:04 PM,ccber_user,-119.848193723557,34.4107253853657
169,White-crowned Sparrow,2,No,,,,,,,,,,,,,,,,,,,,,,adabe34d-9c3a-43be-9a7e-0ca69948edbb,,,,,,,,,,,,,,,,,,,,,,,12/17/2025 4:02:09 PM,ccber_user,12/17/2025 4:02:09 PM,ccber_user,-119.847783120709,34.410563453357
170,Orange-crowned Warbler,1,No,,,,,,,,,,,,,,,,,,,,,,0ae81e6b-1baa-4c0f-8a42-e65d4b89b4ba,,,,,,,,,,,,,,,,,,,,,,,12/17/2025 4:02:19 PM,ccber_user,12/17/2025 4:02:19 PM,ccber_user,-119.847789261592,34.4107073347169
171,Eared Grebe,1,No,,,,,,,,,,,,,,,,,,,,,,398cf6fd-12dd-4a5b-bf56-b2efe9c1b484,,,,,,,,,,,,,,,,,,,,,,,12/17/2025 4:03:02 PM,ccber_user,12/17/2025 4:03:02 PM,ccber_user,-119.848084587233,34.4104353168374
172,Snowy Egret,9,No,,,,,,,,,,,,,,,,,,,,,,fec2a721-9da6-45b1-92a5-260d7fa3c570,,,,,,,,,,,,,,,,,,,,,,,12/17/2025 4:03:45 PM,ccber_user,12/17/2025 4:03:45 PM,ccber_user,-119.848817379842,34.4102015962865
173,Forster's Tern,14,No,,,,,,,,,,,,,,,,,,,,,,073b1bd1-fb1b-4bbe-bdc5-c980b32c5f3f,,,,,,,,,,,,,,,,,,,,,,,12/17/2025 4:05:54 PM,ccber_user,12/17/2025 4:05:54 PM,ccber_user,-119.848435579676,34.4102522534209
174,American Coot,2,No,,,,,,,,,,,,,,,,,,,,,,a0f8bfde-0d84-4803-a78a-cc0f4af3a0d8,,,,,,,,,,,,,,,,,,,,,,,12/17/2025 4:06:32 PM,ccber_user,12/17/2025 4:06:32 PM,ccber_user,-119.848197220699,34.4102385337834
175,Red-breasted Merganser,1,No,,,,,,,,,,,,,,,,,,,,,,55e48b52-e2bd-42ec-af66-e48a2e1f5e2f,,,,,,,,,,,,,,,,,,,,,,,12/17/2025 4:07:18 PM,ccber_user,12/17/2025 4:07:18 PM,ccber_user,-119.848105202671,34.4100958492713
176,Anna's Hummingbird,1,No,,,,,,,,,,,,,,,,,,,,,,fcd6cdfc-045b-4fda-b8a0-f2a3e6435b16,,,,,,,,,,,,,,,,,,,,,,,12/17/2025 4:08:06 PM,ccber_user,12/17/2025 4:08:06 PM,ccber_user,-119.847645115227,34.4099815184287
177,Anna's Hummingbird,1,No,,,,,,,,,,,,,,,,,,,,,,22d620a0-e218-4aee-beb4-bc7e3a505f0d,,,,,,,,,,,,,,,,,,,,,,,12/17/2025 4:08:21 PM,ccber_user,12/17/2025 4:08:21 PM,ccber_user,-119.847629594135,34.4100354825881
178,Yellow-rumped Warbler,5,No,,,,,,,,,,,,,,,,,,,,,,3b8ccb0b-ee40-4bf1-8f8f-196e66001ae5,,,,,,,,,,,,,,,,,,,,,,,12/17/2025 4:08:35 PM,ccber_user,12/17/2025 4:08:35 PM,ccber_user,-119.847386351018,34.4098885948128
179,Ruddy Duck,2,No,,,,,,,,,,,,,,,,,,,,,,92b8ef2e-8ac9-47b9-bce2-68d140048612,,,,,,,,,,,,,,,,,,,,,,,12/17/2025 4:09:11 PM,ccber_user,12/17/2025 4:09:11 PM,ccber_user,-119.848084474046,34.4093495940053
180,Brown Pelican,5,No,,,,,,,,,,,,,,,,,,,,,,9a357a95-1819-4c1a-885e-03407f5e842b,,,,,,,,,,,,,,,,,,,,,,,12/17/2025 4:10:17 PM,ccber_user,12/17/2025 4:10:17 PM,ccber_user,-119.847896823169,34.408467979814
181,Surf Scoter,1,No,,,,,,,,,,,,,,,,,,,,,,f7d337d2-5540-48c8-a245-c9c36911f8c6,,,,,,,,,,,,,,,,,,,,,,,12/17/2025 4:10:28 PM,ccber_user,12/17/2025 4:10:28 PM,ccber_user,-119.847768910259,34.4091033682757
182,Great Blue Heron,1,No,,,,,,,,,,,,,,,,,,,,,,1c9fd72a-2d97-420b-a332-bf0dc1871cc9,,,,,,,,,,,,,,,,,,,,,,,12/17/2025 4:10:38 PM,ccber_user,12/17/2025 4:10:38 PM,ccber_user,-119.847848855828,34.4083866318307
183,Double-crested Cormorant,2,No,,,,,,,,,,,,,,,,,,,,,,39bc96cd-eac3-417a-8338-611ee89ea414,,,,,,,,,,,,,,,,,,,,,,,12/17/2025 4:11:00 PM,ccber_user,12/17/2025 4:11:00 PM,ccber_user,-119.848040726091,34.4084371989044
184,Snowy Egret,1,No,,,,,,,,,,,,,,,,,,,,,,c257aae1-e7b0-4728-9952-58eab44006ed,,,,,,,,,,,,,,,,,,,,,,,12/17/2025 4:11:10 PM,ccber_user,12/17/2025 4:11:10 PM,ccber_user,-119.847995423153,34.4083524727838
185,Surf Scoter,1,No,,,,,,,,,,,,,,,,,,,,,,0ee86536-0acf-418c-aeb7-8ff0d23e8caf,,,,,,,,,,,,,,,,,,,,,,,12/17/2025 4:11:26 PM,ccber_user,12/17/2025 4:11:26 PM,ccber_user,-119.847875504351,34.4089219057561
186,Eared Grebe,1,No,,,,,,,,,,,,,,,,,,,,,,887d68cd-4298-4293-9a35-589df8afbf55,,,,,,,,,,,,,,,,,,,,,,,12/17/2025 4:11:47 PM,ccber_user,12/17/2025 4:11:47 PM,ccber_user,-119.847470446803,34.4089175086138
187,Ruddy Duck,12,No,,,,,,,,,,,,,,,,,,,,,,fe38cbc8-c0b2-4127-82a1-9d495b99edcf,,,,,,,,,,,,,,,,,,,,,,,12/17/2025 4:12:31 PM,ccber_user,12/17/2025 4:12:31 PM,ccber_user,-119.847313220069,34.4084426151357
188,Common Yellowthroat,2,No,,,,,,,,,,,,,,,,,,,,,,a99ca70c-dd9d-4a8f-8647-43919b2e97e0,,,,,,,,,,,,,,,,,,,,,,,12/17/2025 4:13:09 PM,ccber_user,12/17/2025 4:13:09 PM,ccber_user,-119.846918821031,34.4093880022782
189,European Starling,4,No,,,,,,,,,,,,,,,,,,,,,,303ca38b-1e7b-4c3b-a610-5fbeff999f92,,,,,,,,,,,,,,,,,,,,,,,12/17/2025 4:13:27 PM,ccber_user,12/17/2025 4:17:56 PM,ccber_user,-119.846681648728,34.4093396339688
190,Surf Scoter,4,No,,,,,,,,,,,,,,,,,,,,,,9bbec119-ab36-470a-a7a5-cac28c809717,,,,,,,,,,,,,,,,,,,,,,,12/17/2025 4:14:10 PM,ccber_user,12/17/2025 4:14:10 PM,ccber_user,-119.847102696289,34.4086294949143
191,Greater Yellowlegs,1,No,,,,,,,,,,,,,,,,,,,,,,2137e16b-70e7-4c22-ae58-8c46ad452c58,,,,,,,,,,,,,,,,,,,,,,,12/17/2025 4:14:49 PM,ccber_user,12/17/2025 4:14:49 PM,ccber_user,-119.847214620085,34.4081551334219
192,Double-crested Cormorant,3,No,,,,,,,,,,,,,,,,,,,,,,2bc4c87d-ddfe-4f46-8c54-a20afe05f698,,,,,,,,,,,,,,,,,,,,,,,12/17/2025 4:15:19 PM,ccber_user,12/17/2025 4:15:19 PM,ccber_user,-119.846929431931,34.4080808296749
193,Yellow-rumped Warbler,3,No,,,,,,,,,,,,,,,,,,,,,,2f2bc783-a3ea-468e-8839-0cfd04ca2edf,,,,,,,,,,,,,,,,,,,,,,,12/17/2025 4:16:43 PM,ccber_user,12/17/2025 4:16:43 PM,ccber_user,-119.846792616717,34.4092820037325
194,Red-winged Blackbird,2,No,,,,,,,,,,,,,,,,,,,,,,6eb42185-7ad2-4b3e-a3f0-15be44525176,,,,,,,,,,,,,,,,,,,,,,,12/17/2025 4:17:08 PM,ccber_user,12/17/2025 4:17:08 PM,ccber_user,-119.847224381179,34.4095313135094
195,Red-winged Blackbird,8,No,,,,,,,,,,,,,,,,,,,,,,c54f2694-fc36-4b9a-b195-5d4f15af58f8,,,,,,,,,,,,,,,,,,,,,,,12/17/2025 4:18:30 PM,ccber_user,12/17/2025 4:18:30 PM,ccber_user,-119.846704734533,34.4092498972406
196,Allen's Hummingbird,1,No,,,,,,,,,,,,,,,,,,,,,,1d20269c-2f56-4db2-bf4b-3772fa26aa3b,,,,,,,,,,,,,,,,,,,,,,,12/17/2025 4:19:28 PM,ccber_user,12/17/2025 4:19:28 PM,ccber_user,-119.846899268301,34.4093180530212
197,Cassin's Kingbird,1,No,,,,,,,,,,,,,,,,,,,,,,6528bdf7-5bf4-49e1-bad0-315ffa03a395,,,,,,,,,,,,,,,,,,,,,,,12/17/2025 4:21:17 PM,ccber_user,12/17/2025 4:21:17 PM,ccber_user,-119.847048500927,34.4093818116282
198,Cassin's Kingbird,1,No,,,,,,,,,,,,,,,,,,,,,,801c0da1-b267-42e4-8113-c9298cb94a94,,,,,,,,,,,,,,,,,,,,,,,12/17/2025 4:22:28 PM,ccber_user,12/17/2025 4:22:28 PM,ccber_user,-119.846483551344,34.4091861392741
199,White-crowned Sparrow,2,No,,,,,,,,,,,,,,,,,,,,,,ecf9eb7c-a38f-46ea-84c0-a78726fd8612,,,,,,,,,,,,,,,,,,,,,,,12/17/2025 4:22:39 PM,ccber_user,12/17/2025 4:22:39 PM,ccber_user,-119.846285432399,34.4092059259789
200,Snowy Egret,7,No,,,,,,,,,,,,,,,,,,,,,,15cb3433-4a40-4985-aaa1-b784074cfb33,,,,,,,,,,,,,,,,,,,,,,,12/17/2025 4:23:52 PM,ccber_user,12/17/2025 4:23:52 PM,ccber_user,-119.846691072954,34.4079711274713
201,Great Egret,1,No,,,,,,,,,,,,,,,,,,,,,,eb7f5d52-dfd5-49fd-aee7-3084e8ad46e6,,,,,,,,,,,,,,,,,,,,,,,12/17/2025 4:24:09 PM,ccber_user,12/17/2025 4:24:09 PM,ccber_user,-119.846609300212,34.4079393436142
202,Belted Kingfisher,1,No,,,,,,,,,,,,,,,,,,,,,,6b94ac77-534d-470e-b6d3-ad8337ef93c1,,,,,,,,,,,,,,,,,,,,,,,12/17/2025 4:24:20 PM,ccber_user,12/17/2025 4:24:20 PM,ccber_user,-119.845937651434,34.4077047356105
203,Gadwall,3,No,,,,,,,,,,,,,,,,,,,,,,40a33216-1275-4cd5-a41b-402cf8a12a57,,,,,,,,,,,,,,,,,,,,,,,12/17/2025 4:24:33 PM,ccber_user,12/17/2025 4:24:33 PM,ccber_user,-119.846344130117,34.4079976351323
204,American Wigeon,5,No,,,,,,,,,,,,,,,,,,,,,,004ef8ef-9c2f-4419-9a5a-2c067fac1cb9,,,,,,,,,,,,,,,,,,,,,,,12/17/2025 4:24:46 PM,ccber_user,12/17/2025 4:24:46 PM,ccber_user,-119.846191800099,34.407985839869
205,Double-crested Cormorant,24,No,,,,,,,,,,,,,,,,,,,,,,7048adf0-2dd5-44aa-a77e-d2719e1b829d,,,,,,,,,,,,,,,,,,,,,,,12/17/2025 4:25:12 PM,ccber_user,12/17/2025 4:25:12 PM,ccber_user,-119.84653896482,34.4079844005726
206,Great Egret,1,No,,,,,,,,,,,,,,,,,,,,,,94757226-0f9d-408a-88d4-20a40346bb23,,,,,,,,,,,,,,,,,,,,,,,12/17/2025 4:26:11 PM,ccber_user,12/17/2025 4:26:11 PM,ccber_user,-119.846060959579,34.4088235136185
207,Double-crested Cormorant,8,No,,,,,,,,,,,,,,,,,,,,,,97f46c97-e676-4e9c-979a-5c9481be7fc4,,,,,,,,,,,,,,,,,,,,,,,12/17/2025 4:26:29 PM,ccber_user,12/17/2025 4:26:29 PM,ccber_user,-119.845984199437,34.4087285202092
208,House Finch,4,No,,,,,,,,,,,,,,,,,,,,,,fc60ab92-55a8-4b78-9c0c-76692080659c,,,,,,,,,,,,,,,,,,,,,,,12/17/2025 4:27:53 PM,ccber_user,12/17/2025 4:27:53 PM,ccber_user,-119.846041769768,34.4091718221103
209,Anna's Hummingbird,1,No,,,,,,,,,,,,,,,,,,,,,,f99e4aa8-4111-4fcd-9a67-b5b6d7ce324e,,,,,,,,,,,,,,,,,,,,,,,12/17/2025 4:28:33 PM,ccber_user,12/17/2025 4:28:33 PM,ccber_user,-119.8453263919,34.4089114061239
210,White-crowned Sparrow,2,No,,,,,,,,,,,,,,,,,,,,,,ab0f30fa-0132-4b99-bc41-803059b19cc7,,,,,,,,,,,,,,,,,,,,,,,12/17/2025 4:28:45 PM,ccber_user,12/17/2025 4:28:45 PM,ccber_user,-119.845527013551,34.4088241272774
211,Anna's Hummingbird,1,No,,,,,,,,,,,,,,,,,,,,,,d1ae8595-717e-4875-b89a-71d6f6eb1b8b,,,,,,,,,,,,,,,,,,,,,,,12/17/2025 4:29:18 PM,ccber_user,12/17/2025 4:29:18 PM,ccber_user,-119.8455671386,34.4090184316073
212,Red-winged Blackbird,2,No,,,,,,,,,,,,,,,,,,,,,,aaa45e60-0b3d-409f-8901-cc6716f2c551,,,,,,,,,,,,,,,,,,,,,,,12/17/2025 4:30:22 PM,ccber_user,12/17/2025 4:30:22 PM,ccber_user,-119.845438272577,34.4091292567334
213,Red-winged Blackbird,6,No,,,,,,,,,,,,,,,,,,,,,,d928447a-6d27-4d9b-8d3c-86f7995f0d99,,,,,,,,,,,,,,,,,,,,,,,12/17/2025 4:31:15 PM,ccber_user,12/17/2025 4:31:15 PM,ccber_user,-119.845467929558,34.409218493328
214,California Scrub-Jay,1,No,,,,,,,,,,,,,,,,,,,,,,acf30a52-80b8-43f6-8553-04604cf14dc2,,,,,,,,,,,,,,,,,,,,,,,12/17/2025 4:32:38 PM,ccber_user,12/17/2025 4:32:38 PM,ccber_user,-119.845349300737,34.4090572928637
215,Common Yellowthroat,5,No,,,,,,,,,,,,,,,,,,,,,,f879ab8a-c3f3-4c93-8c60-6db42fd37ab7,,,,,,,,,,,,,,,,,,,,,,,12/17/2025 4:32:48 PM,ccber_user,12/17/2025 4:32:48 PM,ccber_user,-119.845334725571,34.4092391538176
216,Allen's Hummingbird,1,No,,,,,,,,,,,,,,,,,,,,,,54facc1d-68ec-4606-ba83-924aa7541240,,,,,,,,,,,,,,,,,,,,,,,12/17/2025 4:33:23 PM,ccber_user,12/17/2025 4:33:23 PM,ccber_user,-119.845268087645,34.4089930352272
217,Bufflehead,6,No,,,,,,,,,,,,,,,,,,,,,,6d5fdfdc-9d6b-411e-adba-e5609e83c2e5,,,,,,,,,,,,,,,,,,,,,,,12/17/2025 4:35:52 PM,ccber_user,12/17/2025 4:35:52 PM,ccber_user,-119.845755897099,34.4069857681782
218,Western Grebe,5,No,,,,,,,,,,,,,,,,,,,,,,9257cbb1-636a-4c37-b496-b85d4c106db0,,,,,,,,,,,,,,,,,,,,,,,12/17/2025 4:36:17 PM,ccber_user,12/17/2025 4:36:17 PM,ccber_user,-119.846614912886,34.4066334150046
219,California Gull,2,No,,,,,,,,,,,,,,,,,,,,,,7801f3d1-69e7-48cb-b3e3-ebc17b9b9fa9,,,,,,,,,,,,,,,,,,,,,,,12/17/2025 4:36:29 PM,ccber_user,12/17/2025 4:36:29 PM,ccber_user,-119.846051817425,34.4068631003216
220,Great Egret,1,No,,,,,,,,,,,,,,,,,,,,,,9874b740-0900-4d80-bf9d-a0c022b99d4d,,,,,,,,,,,,,,,,,,,,,,,12/17/2025 4:39:11 PM,ccber_user,12/17/2025 4:39:11 PM,ccber_user,-119.844112887427,34.4083783236759
221,Red-breasted Merganser,1,No,,,,,,,,,,,,,,,,,,,,,,e71a6c3e-1bdb-40f0-970e-a077155dc6ac,,,,,,,,,,,,,,,,,,,,,,,12/17/2025 4:41:03 PM,ccber_user,12/17/2025 4:41:03 PM,ccber_user,-119.847315581739,34.407956864944
222,Pied-billed Grebe,4,No,,,,,,,,,,,,,,,,,,,,,,266e20aa-ab3a-4fc8-87dd-5480f1a8cf0d,,,,,,,,,,,,,,,,,,,,,,,12/17/2025 4:41:16 PM,ccber_user,12/17/2025 4:41:16 PM,ccber_user,-119.844595997794,34.407985021649
223,Surf Scoter,1,No,,,,,,,,,,,,,,,,,,,,,,d72632f8-e11f-4daf-832c-60554d447158,,,,,,,,,,,,,,,,,,,,,,,12/17/2025 4:41:33 PM,ccber_user,12/17/2025 4:41:33 PM,ccber_user,-119.844765565583,34.4074570961207
224,Yellow-rumped Warbler,3,No,,,,,,,,,,,,,,,,,,,,,,c3e61c86-4ac6-481e-8069-a121b4ac6e38,,,,,,,,,,,,,,,,,,,,,,,12/17/2025 4:43:32 PM,ccber_user,12/17/2025 4:43:32 PM,ccber_user,-119.843989955676,34.4085802531081
225,Black Phoebe,1,No,,,,,,,,,,,,,,,,,,,,,,113f2c57-601d-4125-8b21-e1401c31a267,,,,,,,,,,,,,,,,,,,,,,,12/17/2025 4:43:45 PM,ccber_user,12/17/2025 4:43:45 PM,ccber_user,-119.843764152451,34.408808579028
226,California Scrub-Jay,1,No,,,,,,,,,,,,,,,,,,,,,,a305b6cb-cf95-4598-8d1d-3bad6bc68674,,,,,,,,,,,,,,,,,,,,,,,12/17/2025 4:43:54 PM,ccber_user,12/17/2025 4:43:54 PM,ccber_user,-119.843437180959,34.4088249380779
227,Allen's Hummingbird,1,No,,,,,,,,,,,,,,,,,,,,,,7adafaaf-616b-42e2-8164-39bcdb461f37,,,,,,,,,,,,,,,,,,,,,,,12/17/2025 4:44:04 PM,ccber_user,12/17/2025 4:44:04 PM,ccber_user,-119.843286809268,34.4089067651482
228,Acorn Woodpecker,1,No,,,,,,,,,,,,,,,,,,,,,,0b394e3d-7a70-430a-9ab0-21afa491b997,,,,,,,,,,,,,,,,,,,,,,,12/17/2025 4:44:30 PM,ccber_user,12/17/2025 4:44:30 PM,ccber_user,-119.843526764552,34.4087589482316
229,Dark-eyed Junco,5,No,,,,,,,,,,,,,,,,,,,,,,db216dcf-daf3-42b6-b555-7e15df399a7a,,,,,,,,,,,,,,,,,,,,,,,12/17/2025 4:45:41 PM,ccber_user,12/17/2025 4:45:41 PM,ccber_user,-119.843453178157,34.4085662574937
230,American Crow,1,No,,,,,,,,,,,,,,,,,,,,,,79fdcc08-370c-4431-a32c-baf5138e3ec5,,,,,,,,,,,,,,,,,,,,,,,12/17/2025 4:45:58 PM,ccber_user,12/17/2025 4:45:58 PM,ccber_user,-119.843593951349,34.4089226024212
231,California Scrub-Jay,1,No,,,,,,,,,,,,,,,,,,,,,,4f57508c-d2cc-426a-b062-21fe8a6855c6,,,,,,,,,,,,,,,,,,,,,,,12/17/2025 4:46:25 PM,ccber_user,12/17/2025 4:46:25 PM,ccber_user,-119.843830307083,34.4086251533418
232,Acorn Woodpecker,2,No,,,,,,,,,,,,,,,,,,,,,,c1ff6971-117e-4f2a-9086-701d5d130df9,,,,,,,,,,,,,,,,,,,,,,,12/17/2025 4:47:07 PM,ccber_user,12/17/2025 4:47:07 PM,ccber_user,-119.84372472719,34.4086923921062
233,American Crow,1,No,,,,,,,,,,,,,,,,,,,,,,80ffa58b-bec8-4713-b707-73b93c96b32b,,,,,,,,,,,,,,,,,,,,,,,12/17/2025 4:48:52 PM,ccber_user,12/17/2025 4:48:52 PM,ccber_user,-119.843158432828,34.4086385856833
234,Bewick's Wren,1,No,,,,,,,,,,,,,,,,,,,,,,622f4221-de00-4f68-b6fa-9023c71b66c3,,,,,,,,,,,,,,,,,,,,,,,12/17/2025 4:51:08 PM,ccber_user,12/17/2025 4:51:08 PM,ccber_user,-119.843801512485,34.4082294467377
235,Bufflehead,1,No,,,,,,,,,,,,,,,,,,,,,,ec535eb1-64d8-46b7-9731-da2d3402ed6a,,,,,,,,,,,,,,,,,,,,,,,12/17/2025 4:53:32 PM,ccber_user,12/17/2025 4:53:32 PM,ccber_user,-119.844983484295,34.4070152207401
236,Black Phoebe,1,No,,,,,,,,,,,,,,,,,,,,,,4f2e5b00-a909-47c9-bece-de7c295bd7f0,,,,,,,,,,,,,,,,,,,,,,,12/17/2025 4:55:45 PM,ccber_user,12/17/2025 4:55:45 PM,ccber_user,-119.843377382805,34.4072158342191
237,Eared Grebe,1,No,,,,,,,,,,,,,,,,,,,,,,e09db50d-756b-47b7-8744-e9aff8255ba6,,,,,,,,,,,,,,,,,,,,,,,12/17/2025 4:56:46 PM,ccber_user,12/17/2025 4:56:46 PM,ccber_user,-119.844405477698,34.4070291432403
238,Anna's Hummingbird,1,No,,,,,,,,,,,,,,,,,,,,,,2cfa08f6-c22a-461e-b710-128a2cab0bae,,,,,,,,,,,,,,,,,,,,,,,12/17/2025 5:00:39 PM,ccber_user,12/17/2025 5:00:39 PM,ccber_user,-119.844368684501,34.4055548854707
239,Black-bellied Plover,1,No,,,,,,,,,,,,,,,,,,,,,,829ae5a8-d57c-45c4-b6f2-f17f1f1abd6f,,,,,,,,,,,,,,,,,,,,,,,12/17/2025 5:02:32 PM,ccber_user,12/17/2025 5:02:32 PM,ccber_user,-119.844256705009,34.4045940304936
240,Whimbrel,1,No,,,,,,,,,,,,,,,,,,,,,,fa3d6c6c-47e1-4d02-a93d-9020a4efdc31,,,,,,,,,,,,,,,,,,,,,,,12/17/2025 5:02:43 PM,ccber_user,12/17/2025 5:02:43 PM,ccber_user,-119.844080737622,34.4046943398256
241,Sanderling,2,No,,,,,,,,,,,,,,,,,,,,,,079ef832-b1de-477c-85fc-fadf62f651b5,,,,,,,,,,,,,,,,,,,,,,,12/17/2025 5:04:56 PM,ccber_user,12/17/2025 5:04:56 PM,ccber_user,-119.844001948185,34.4053334798203
242,Spotted Sandpiper,1,No,,,,,,,,,,,,,,,,,,,,,,9cba6e1e-10cb-4c3b-ac0a-79fc11c9ef9d,,,,,,,,,,,,,,,,,,,,,,,12/17/2025 5:05:08 PM,ccber_user,12/17/2025 5:05:08 PM,ccber_user,-119.843985950986,34.4051671785751
243,Western Gull,5,No,,,,,,,,,,,,,,,,,,,,,,add36b4a-0b36-4972-be51-aa4e9dd92fe4,,,,,,,,,,,,,,,,,,,,,,,12/17/2025 5:05:28 PM,ccber_user,12/17/2025 5:05:28 PM,ccber_user,-119.844131523876,34.4046722314485
244,Black Turnstone,1,No,,,,,,,,,,,,,,,,,,,,,,56825b46-a2fc-45f7-a91f-8e114b6a89cf,,,,,Samsung SM-T713,3.76,5.64,34.4051238333333,-119.8441843,-28.8,1.4,0.8,1.2,1,,,11,12/17/2025 5:08:20 PM,,,,,12/17/2025 5:08:31 PM,ccber_user,12/17/2025 5:08:31 PM,ccber_user,-119.844184299899,34.4051238336767
245,Greater Yellowlegs,1,No,,,,,,,,,,,,,,,,,,,,,,429d6c71-895e-4c31-b993-a3413bc79a5e,,,,,,,,,,,,,,,,,,,,,,,12/17/2025 5:08:44 PM,ccber_user,12/17/2025 5:08:44 PM,ccber_user,-119.844068273497,34.4045674876603
246,Willet,1,No,,,,,,,,,,,,,,,,,,,,,,ccce30fb-ff29-46e8-adb7-08667109bd99,,,,,,,,,,,,,,,,,,,,,,,12/17/2025 5:10:15 PM,ccber_user,12/17/2025 5:10:15 PM,ccber_user,-119.844100094519,34.404792763502
247,Semipalmated Plover,1,No,,,,,,,,,,,,,,,,,,,,,,71dd348d-547c-4197-b3b2-f1ef75f20a5b,,,,,,,,,,,,,,,,,,,,,,,12/17/2025 5:11:00 PM,ccber_user,12/17/2025 5:11:00 PM,ccber_user,-119.8445378741,34.4048897121367
248,Sanderling,40,No,,,,,,,,,,,,,,,,,,,,,,3a8d47ab-5fb9-438c-8b0e-352cfb4e2b78,,,,,,,,,,,,,,,,,,,,,,,12/17/2025 5:11:36 PM,ccber_user,12/17/2025 5:11:36 PM,ccber_user,-119.844515737815,34.4048662296838
249,Semipalmated Plover,1,No,,,,,,,,,,,,,,,,,,,,,,62d7b762-7003-4aa3-8b0d-1c5c0a6dcdcb,,,,,,,,,,,,,,,,,,,,,,,12/17/2025 5:11:59 PM,ccber_user,12/17/2025 5:11:59 PM,ccber_user,-119.844850463564,34.4049892510408
250,Semipalmated Plover,5,No,,,,,,,,,,,,,,,,,,,,,,23454bbc-c424-44b6-beaa-1eee5b81510d,,,,,,,,,,,,,,,,,,,,,,,12/17/2025 5:13:08 PM,ccber_user,12/17/2025 5:13:08 PM,ccber_user,-119.844949590859,34.4049971807955
251,Black-bellied Plover,4,No,,,,,,,,,,,,,,,,,,,,,,ee3a67f8-7512-4a71-9c11-20ee2cc3a2cc,,,,,,,,,,,,,,,,,,,,,,,12/17/2025 5:13:17 PM,ccber_user,12/17/2025 5:13:17 PM,ccber_user,-119.844841360936,34.4049489122286
252,Willet,5,No,,,,,,,,,,,,,,,,,,,,,,ccd8876a-40d2-41ca-974e-6149c26da6e8,,,,,,,,,,,,,,,,,,,,,,,12/17/2025 5:14:39 PM,ccber_user,12/17/2025 5:14:39 PM,ccber_user,-119.844455116804,34.4049265319099
253,Common Yellowthroat,1,No,,,,,,,,,,,,,,,,,,,,,,2e0810d4-372b-45ef-8a86-98a849455810,,,,,,,,,,,,,,,,,,,,,,,12/17/2025 5:17:03 PM,ccber_user,12/17/2025 5:17:03 PM,ccber_user,-119.844723911602,34.4056535178834
254,Bushtit,12,No,,,,,,,,,,,,,,,,,,,,,,45e22c43-972c-4554-b9c0-27852b3e8f09,,,,,,,,,,,,,,,,,,,,,,,12/17/2025 5:18:07 PM,ccber_user,12/17/2025 5:18:07 PM,ccber_user,-119.844552050414,34.4058031131435
255,Song Sparrow,1,No,,,,,,,,,,,,,,,,,,,,,,b2ce4dc4-8c7b-4ada-a3ec-4fdea9922f6d,,,,,,,,,,,,,,,,,,,,,,,12/17/2025 5:18:16 PM,ccber_user,12/17/2025 5:18:16 PM,ccber_user,-119.8445741858,34.4057470183802
256,Common Yellowthroat,1,No,,,,,,,,,,,,,,,,,,,,,,40e48d31-e851-4888-914b-5611e48505a6,,,,,,,,,,,,,,,,,,,,,,,12/17/2025 5:18:51 PM,ccber_user,12/17/2025 5:18:51 PM,ccber_user,-119.844626363545,34.4061240284232
257,California Scrub-Jay,1,No,,,,,,,,,,,,,,,,,,,,,,b3e91da7-f2f5-4223-898f-58f05570d0e8,,,,,,,,,,,,,,,,,,,,,,,12/17/2025 5:19:32 PM,ccber_user,12/17/2025 5:19:32 PM,ccber_user,-119.844790802853,34.4064136331153
258,Yellow-rumped Warbler,2,No,,,,,,,,,,,,,,,,,,,,,,ecca9e25-2c4e-462b-a024-b7b5057e74d0,,,,,,,,,,,,,,,,,,,,,,,12/17/2025 5:19:44 PM,ccber_user,12/17/2025 5:19:44 PM,ccber_user,-119.844852467706,34.4063862385304
259,Orange-crowned Warbler,1,No,,,,,,,,,,,,,,,,,,,,,,4b14293c-5f7b-47ea-b34c-8269c6d810d4,,,,,,,,,,,,,,,,,,,,,,,12/17/2025 5:19:53 PM,ccber_user,12/17/2025 5:19:53 PM,ccber_user,-119.844808196034,34.4061618593331
260,House Finch,5,No,,,,,,,,,,,,,,,,,,,,,,bd7faac1-ebbd-4491-99b8-2559e4ca317e,,,,,,,,,,,,,,,,,,,,,,,12/17/2025 5:20:27 PM,ccber_user,12/17/2025 5:20:27 PM,ccber_user,-119.844981842175,34.4058748626527
261,White-crowned Sparrow,2,No,,,,,,,,,,,,,,,,,,,,,,37eb52d5-6394-4629-8481-f3eb0b75f30e,,,,,,,,,,,,,,,,,,,,,,,12/17/2025 5:20:55 PM,ccber_user,12/17/2025 5:20:55 PM,ccber_user,-119.844687749022,34.406249263248
262,House Finch,2,No,,,,,,,,,,,,,,,,,,,,,,9a6311bb-b271-48e6-b5fb-5e39fb79b645,,,,,,,,,,,,,,,,,,,,,,,12/17/2025 5:22:26 PM,ccber_user,12/17/2025 5:22:26 PM,ccber_user,-119.845237987795,34.4059479165409
263,European Starling,1,No,,,,,,,,,,,,,,,,,,,,,,309defc4-f42e-48d0-8124-49312e72bb30,,,,,,,,,,,,,,,,,,,,,,,12/17/2025 5:24:23 PM,ccber_user,12/17/2025 5:24:23 PM,ccber_user,-119.845020580225,34.4064997315942
264,California Towhee,1,No,,,,,,,,,,,,,,,,,,,,,,d1e679c2-6020-4a0f-9de9-e87533a50689,,,,,,,,,,,,,,,,,,,,,,,12/17/2025 5:25:06 PM,ccber_user,12/17/2025 5:25:06 PM,ccber_user,-119.845657782205,34.4064214604555
265,Greater/Lesser Scaup,3,No,,,,,,,,,,,,,,,,,,,,,,37b67424-213a-4bf8-b546-2952af3af498,,,,,,,,,,,,,,,,,,,,,,,12/17/2025 5:28:43 PM,ccber_user,12/17/2025 5:28:43 PM,ccber_user,-119.846324604335,34.4067643085049
266,Ruddy Duck,2,No,,,,,,,,,,,,,,,,,,,,,,da644f46-ebe5-4d0c-a24c-f0fa88f53a3b,,,,,,,,,,,,,,,,,,,,,,,12/17/2025 5:29:03 PM,ccber_user,12/17/2025 5:29:03 PM,ccber_user,-119.846868578257,34.4066969881463
267,American Wigeon,2,No,,,,,,,,,,,,,,,,,,,,,,6a448b24-7cf7-48cb-af96-e1439add845a,,,,,,,,,,,,,,,,,,,,,,,12/17/2025 5:29:12 PM,ccber_user,12/17/2025 5:29:12 PM,ccber_user,-119.84612255616,34.4065911981607
268,Greater Yellowlegs,1,No,,,,,,,,,,,,,,,,,,,,,,b009ae7c-a119-4eb3-9de2-05b1d2e5be24,,,,,,,,,,,,,,,,,,,,,,,12/17/2025 5:29:44 PM,ccber_user,12/17/2025 5:29:44 PM,ccber_user,-119.84650231715,34.406983141542
269,Yellow-rumped Warbler,2,No,,,,,,,,,,,,,,,,,,,,,,76d8acf8-157a-4521-a899-4b69c20b2801,,,,,,,,,,,,,,,,,,,,,,,12/17/2025 5:30:17 PM,ccber_user,12/17/2025 5:30:17 PM,ccber_user,-119.8463080403,34.4063355805371
270,Long-billed Curlew,1,No,,,,,,,,,,,,,,,,,,,,,,3941da59-ab62-4b65-953d-2983a6beb2a0,,,,,,,,,,,,,,,,,,,,,,,12/17/2025 5:36:58 PM,ccber_user,12/17/2025 5:36:58 PM,ccber_user,-119.850783336553,34.4073793765498
271,Say's Phoebe,1,No,,,,,,,,,,,,,,,,,,,,,,c2e54735-3600-4c39-a4ad-338b917b848a,,,,,,,,,,,,,,,,,,,,,,,12/17/2025 5:37:36 PM,ccber_user,12/17/2025 5:37:36 PM,ccber_user,-119.850028772375,34.4075392113522
272,Willet,20,No,,,,,,,,,,,,,,,,,,,,,,22528480-c354-465a-8387-71e54fbe979c,,,,,,,,,,,,,,,,,,,,,,,12/17/2025 5:38:52 PM,ccber_user,12/17/2025 5:38:52 PM,ccber_user,-119.847955829009,34.4063435294342
273,Black-bellied Plover,4,No,,,,,,,,,,,,,,,,,,,,,,e5e5d026-f99c-435a-841b-4c92d9347fcb,,,,,,,,,,,,,,,,,,,,,,,12/17/2025 5:39:05 PM,ccber_user,12/17/2025 5:39:05 PM,ccber_user,-119.84803529308,34.4062842665897
274,Least Sandpiper,3,No,,,,,,,,,,,,,,,,,,,,,,bddbb6c6-5a3c-4f44-b7a8-71f66a7a58a2,,,,,,,,,,,,,,,,,,,,,,,12/17/2025 5:39:19 PM,ccber_user,12/17/2025 5:39:19 PM,ccber_user,-119.847675401927,34.4062944352548
275,House Finch,3,No,,,,,,,,,,,,,,,,,,,,,,d4a235f7-0b46-4422-a240-0fe07711411f,,,,,,,,,,,,,,,,,,,,,,,12/17/2025 5:39:59 PM,ccber_user,12/17/2025 5:39:59 PM,ccber_user,-119.847286561664,34.4068394805685
276,Cassin's Kingbird,1,No,,,,,,,,,,,,,,,,,,,,,,47e77f3e-ef6e-4754-8e8f-e49ebeef2d26,,,,,,,,,,,,,,,,,,,,,,,12/17/2025 5:40:43 PM,ccber_user,12/17/2025 5:40:43 PM,ccber_user,-119.848181359146,34.406607633983
277,White-crowned Sparrow,4,No,,,,,,,,,,,,,,,,,,,,,,85403e1e-f4b9-4fa2-9178-f2efcc57a88e,,,,,,,,,,,,,,,,,,,,,,,12/17/2025 5:41:09 PM,ccber_user,12/17/2025 5:41:38 PM,ccber_user,-119.847850382066,34.4069126959264
278,House Finch,1,No,,,,,,,,,,,,,,,,,,,,,,3bb424eb-e999-4311-8b5f-0aa2fb94e2f4,,,,,,,,,,,,,,,,,,,,,,,12/17/2025 5:43:25 PM,ccber_user,12/17/2025 5:43:25 PM,ccber_user,-119.847404758396,34.4067927050034
279,Say's Phoebe,1,No,,,,,,,,,,,,,,,,,,,,,,11d8da51-d1c1-4356-8fa7-70116195aa6d,,,,,,,,,,,,,,,,,,,,,,,12/17/2025 6:02:58 PM,ccber_user,12/17/2025 6:02:58 PM,ccber_user,-119.850992246958,34.4110904373354
